Q2,GEn_over_GD,dGEn_over_GD,dGEnPar_over_GD,dGEn_total
1e-06,4.968462e-07,9.414196e-09,9.395173e-09,1.330023917177225e-08
1.0116e-06,5.025994e-07,9.523204e-09,9.504037e-09,1.3454297964702024e-08
1.0233e-06,5.084192e-07,9.633474e-09,9.614162e-09,1.3610140788063876e-08
1.0351e-06,5.143064e-07,9.745021e-09,9.725563e-09,1.3767788855056212e-08
1.0471e-06,5.202617e-07,9.85786e-09,9.838254e-09,1.392726267247502e-08
1.0593e-06,5.262861e-07,9.972005e-09,9.952252e-09,1.4088584158513906e-08
1.0715e-06,5.323801e-07,1.008747e-08,1.006757e-08,1.4251772405767642e-08
1.0839e-06,5.385448e-07,1.020428e-08,1.018423e-08,1.441686065033924e-08
1.0965e-06,5.447808e-07,1.032243e-08,1.030223e-08,1.4583843940395139e-08
1.1092e-06,5.510891e-07,1.044196e-08,1.042161e-08,1.4752778844465202e-08
1.122e-06,5.574703e-07,1.056287e-08,1.054236e-08,1.492365829836974e-08
1.135e-06,5.639255e-07,1.068517e-08,1.066452e-08,1.509651763683599e-08
1.1482e-06,5.704554e-07,1.08089e-08,1.078809e-08,1.5271385171558604e-08
1.1614e-06,5.77061e-07,1.093406e-08,1.091309e-08,1.5448275030944392e-08
1.1749e-06,5.83743e-07,1.106066e-08,1.103955e-08,1.562721548575113e-08
1.1885e-06,5.905024e-07,1.118873e-08,1.116746e-08,1.5808220705205882e-08
1.2023e-06,5.973401e-07,1.131829e-08,1.129686e-08,1.599133310214317e-08
1.2162e-06,6.042569e-07,1.144934e-08,1.142776e-08,1.6176559740970885e-08
1.2303e-06,6.112539e-07,1.158192e-08,1.156018e-08,1.6363943061462906e-08
1.2445e-06,6.183318e-07,1.171602e-08,1.169413e-08,1.655348305032207e-08
1.2589e-06,6.254917e-07,1.185169e-08,1.182963e-08,1.674522922485685e-08
1.2735e-06,6.327346e-07,1.198892e-08,1.19667e-08,1.693918863630723e-08
1.2882e-06,6.400612e-07,1.212774e-08,1.210536e-08,1.7135396646625953e-08
1.3032e-06,6.474728e-07,1.226816e-08,1.224563e-08,1.73338744625228e-08
1.3183e-06,6.549701e-07,1.241022e-08,1.238752e-08,1.7534657458838483e-08
1.3335e-06,6.625543e-07,1.255392e-08,1.253106e-08,1.7737766829282655e-08
1.349e-06,6.702263e-07,1.269928e-08,1.267625e-08,1.7943216728917366e-08
1.3646e-06,6.779871e-07,1.284632e-08,1.282314e-08,1.815105663596475e-08
1.3804e-06,6.858378e-07,1.299507e-08,1.297172e-08,1.8361300718176258e-08
1.3964e-06,6.937794e-07,1.314554e-08,1.312203e-08,1.8573984311732903e-08
1.4125e-06,7.018129e-07,1.329775e-08,1.327407e-08,1.878912157146789e-08
1.4289e-06,7.099395e-07,1.345173e-08,1.342788e-08,1.9006761988495042e-08
1.4454e-06,7.181602e-07,1.360749e-08,1.358347e-08,1.9226919704960543e-08
1.4622e-06,7.26476e-07,1.376505e-08,1.374087e-08,1.944963006998848e-08
1.4791e-06,7.348882e-07,1.392443e-08,1.390009e-08,1.9674914303066226e-08
1.4962e-06,7.433978e-07,1.408566e-08,1.406115e-08,1.990280776569226e-08
1.5136e-06,7.520059e-07,1.424876e-08,1.422408e-08,2.0133345806993928e-08
1.5311e-06,7.607136e-07,1.441375e-08,1.438889e-08,2.0366549646285204e-08
1.5488e-06,7.695222e-07,1.458064e-08,1.455562e-08,2.0602454620602856e-08
1.5668e-06,7.784328e-07,1.474947e-08,1.472428e-08,2.0841096103595414e-08
1.5849e-06,7.874466e-07,1.492025e-08,1.489489e-08,2.1082495302373483e-08
1.6032e-06,7.965648e-07,1.509301e-08,1.506748e-08,2.1326694643345463e-08
1.6218e-06,8.057885e-07,1.526778e-08,1.524207e-08,2.1573729487812258e-08
1.6406e-06,8.151191e-07,1.544456e-08,1.541868e-08,2.1823613965977314e-08
1.6596e-06,8.245577e-07,1.562339e-08,1.559734e-08,2.2076397581301618e-08
1.6788e-06,8.341055e-07,1.580429e-08,1.577807e-08,2.233210861806381e-08
1.6982e-06,8.43764e-07,1.598729e-08,1.596089e-08,2.2590782437450014e-08
1.7179e-06,8.535343e-07,1.61724e-08,1.614584e-08,2.2852454377278604e-08
1.7378e-06,8.634177e-07,1.635966e-08,1.633292e-08,2.3117152745137104e-08
1.7579e-06,8.734155e-07,1.654909e-08,1.652217e-08,2.3384919955753538e-08
1.7783e-06,8.835291e-07,1.674071e-08,1.671362e-08,2.3655791358745538e-08
1.7989e-06,8.937599e-07,1.693455e-08,1.690728e-08,2.392979524987416e-08
1.8197e-06,9.041091e-07,1.713063e-08,1.710319e-08,2.420697404412621e-08
1.8408e-06,9.145781e-07,1.732899e-08,1.730137e-08,2.448737017927813e-08
1.8621e-06,9.251684e-07,1.752964e-08,1.750184e-08,2.4771004862847206e-08
1.8836e-06,9.358812e-07,1.773261e-08,1.770464e-08,2.505792758672792e-08
1.9055e-06,9.467182e-07,1.793793e-08,1.790979e-08,2.534817371190674e-08
1.9275e-06,9.576806e-07,1.814563e-08,1.811731e-08,2.564177859925087e-08
1.9498e-06,9.6877e-07,1.835574e-08,1.832724e-08,2.5938791740657465e-08
1.9724e-06,9.799877e-07,1.856827e-08,1.85396e-08,2.6239234343877112e-08
1.9953e-06,9.913354e-07,1.878327e-08,1.875442e-08,2.654316298841003e-08
2.0184e-06,1.002814e-06,1.900076e-08,1.897173e-08,2.6850613024109895e-08
2.0417e-06,1.014426e-06,1.922077e-08,1.919156e-08,2.716162687738899e-08
2.0654e-06,1.026173e-06,1.944332e-08,1.941394e-08,2.7476239898246628e-08
2.0893e-06,1.038055e-06,1.966845e-08,1.963889e-08,2.7794494523818918e-08
2.1135e-06,1.050075e-06,1.989619e-08,1.986645e-08,2.8116440246208264e-08
2.138e-06,1.062235e-06,2.012656e-08,2.009664e-08,2.84421053496959e-08
2.1627e-06,1.074535e-06,2.03596e-08,2.032951e-08,2.877155346866241e-08
2.1878e-06,1.086977e-06,2.059534e-08,2.056507e-08,2.910481289787825e-08
2.2131e-06,1.099564e-06,2.083381e-08,2.080336e-08,2.944193312956369e-08
2.2387e-06,1.112296e-06,2.107504e-08,2.104441e-08,2.9782956590132217e-08
2.2646e-06,1.125176e-06,2.131906e-08,2.128826e-08,3.0127932771951015e-08
2.2909e-06,1.138204e-06,2.156591e-08,2.153493e-08,3.047690411168759e-08
2.3174e-06,1.151384e-06,2.181561e-08,2.178446e-08,3.0829913025561715e-08
2.3442e-06,1.164716e-06,2.206821e-08,2.203688e-08,3.1187016092253844e-08
2.3714e-06,1.178203e-06,2.232373e-08,2.229222e-08,3.1548248662030356e-08
2.3988e-06,1.191846e-06,2.258221e-08,2.255053e-08,3.1913674369539464e-08
2.4266e-06,1.205647e-06,2.284368e-08,2.281182e-08,3.228332150902072e-08
2.4547e-06,1.219607e-06,2.310818e-08,2.307615e-08,3.265726078125506e-08
2.4831e-06,1.23373e-06,2.337574e-08,2.334353e-08,3.303552048036325e-08
2.5119e-06,1.248015e-06,2.36464e-08,2.361402e-08,3.3418171307245406e-08
2.541e-06,1.262467e-06,2.39202e-08,2.388764e-08,3.380525569803607e-08
2.5704e-06,1.277085e-06,2.419716e-08,2.416443e-08,3.419681606948957e-08
2.6002e-06,1.291873e-06,2.447733e-08,2.444443e-08,3.459291606606474e-08
2.6303e-06,1.306832e-06,2.476074e-08,2.472767e-08,3.499359811417654e-08
2.6607e-06,1.321965e-06,2.504744e-08,2.501419e-08,3.5398925858134456e-08
2.6915e-06,1.337272e-06,2.533745e-08,2.530404e-08,3.5808948781332575e-08
2.7227e-06,1.352757e-06,2.563083e-08,2.559724e-08,3.6223723471041734e-08
2.7542e-06,1.368421e-06,2.592759e-08,2.589384e-08,3.66432923350741e-08
2.7861e-06,1.384266e-06,2.62278e-08,2.619387e-08,3.706772610259362e-08
2.8184e-06,1.400295e-06,2.653148e-08,2.649739e-08,3.749708132378439e-08
2.851e-06,1.41651e-06,2.683867e-08,2.680442e-08,3.793140043427477e-08
2.884e-06,1.432912e-06,2.714943e-08,2.7115e-08,3.837075415371582e-08
2.9174e-06,1.449504e-06,2.746378e-08,2.742919e-08,3.881519903265343e-08
2.9512e-06,1.466289e-06,2.778177e-08,2.774702e-08,3.9264791648667894e-08
2.9854e-06,1.483267e-06,2.810344e-08,2.806853e-08,3.971958857030748e-08
3.02e-06,1.500443e-06,2.842883e-08,2.839376e-08,4.0179646366120495e-08
3.0549e-06,1.517817e-06,2.8758e-08,2.872277e-08,4.0645049888921284e-08
3.0903e-06,1.535392e-06,2.909097e-08,2.905558e-08,4.1115827422992475e-08
3.1261e-06,1.553171e-06,2.94278e-08,2.939225e-08,4.159206382114862e-08
3.1623e-06,1.571156e-06,2.976853e-08,2.973283e-08,4.207382271876184e-08
3.1989e-06,1.589349e-06,3.01132e-08,3.007735e-08,4.2561153617618255e-08
3.2359e-06,1.607752e-06,3.046186e-08,3.042586e-08,4.305412722839937e-08
3.2734e-06,1.626369e-06,3.081456e-08,3.077841e-08,4.35528142617868e-08
3.3113e-06,1.645201e-06,3.117135e-08,3.113504e-08,4.4057278361515936e-08
3.3497e-06,1.664252e-06,3.153226e-08,3.149581e-08,4.4567583154841363e-08
3.3884e-06,1.683523e-06,3.189735e-08,3.186076e-08,4.508379936074709e-08
3.4277e-06,1.703017e-06,3.226667e-08,3.222993e-08,4.5605990622875414e-08
3.4674e-06,1.722736e-06,3.264027e-08,3.260339e-08,4.6134241785955475e-08
3.5075e-06,1.742685e-06,3.301819e-08,3.298117e-08,4.666860235152751e-08
3.5481e-06,1.762864e-06,3.340048e-08,3.336333e-08,4.720915009740484e-08
3.5892e-06,1.783277e-06,3.378721e-08,3.374991e-08,4.775596281714148e-08
3.6308e-06,1.803926e-06,3.41784e-08,3.414098e-08,4.83091041307992e-08
3.6728e-06,1.824814e-06,3.457413e-08,3.453658e-08,4.8868658906842323e-08
3.7154e-06,1.845944e-06,3.497444e-08,3.493676e-08,4.943469078098092e-08
3.7584e-06,1.867319e-06,3.537938e-08,3.534158e-08,5.00072775311834e-08
3.8019e-06,1.888941e-06,3.578902e-08,3.575108e-08,5.058649695053809e-08
3.8459e-06,1.910814e-06,3.620339e-08,3.616534e-08,5.117242680201615e-08
3.8905e-06,1.93294e-06,3.662256e-08,3.658439e-08,5.176513781132723e-08
3.9355e-06,1.955322e-06,3.704658e-08,3.70083e-08,5.236471482388117e-08
3.9811e-06,1.977963e-06,3.747552e-08,3.743712e-08,5.2971242699834784e-08
4.0272e-06,2.000867e-06,3.790941e-08,3.787091e-08,5.3584785067929495e-08
4.0738e-06,2.024036e-06,3.834834e-08,3.830973e-08,5.420544800505296e-08
4.121e-06,2.047473e-06,3.879234e-08,3.875363e-08,5.4833288072597835e-08
4.1687e-06,2.071181e-06,3.924148e-08,3.920268e-08,5.546840426560692e-08
4.217e-06,2.095164e-06,3.969582e-08,3.965693e-08,5.6110874369388506e-08
4.2658e-06,2.119424e-06,4.015543e-08,4.011644e-08,5.676079031125712e-08
4.3152e-06,2.143966e-06,4.062035e-08,4.058127e-08,5.7418222794992536e-08
4.3652e-06,2.168792e-06,4.109066e-08,4.10515e-08,5.808328495777077e-08
4.4157e-06,2.193905e-06,4.156641e-08,4.152717e-08,5.875604044263875e-08
4.4668e-06,2.219309e-06,4.204766e-08,4.200835e-08,5.94365811701691e-08
4.5186e-06,2.245007e-06,4.253449e-08,4.249511e-08,6.012501320974657e-08
4.5709e-06,2.271002e-06,4.302696e-08,4.298751e-08,6.08214214141835e-08
4.6238e-06,2.297299e-06,4.352512e-08,4.348561e-08,6.152588356201396e-08
4.6774e-06,2.3239e-06,4.402906e-08,4.398949e-08,6.223851986466019e-08
4.7315e-06,2.350809e-06,4.453882e-08,4.44992e-08,6.295939395858573e-08
4.7863e-06,2.37803e-06,4.505449e-08,4.501482e-08,6.368862605514819e-08
4.8417e-06,2.405566e-06,4.557613e-08,4.553641e-08,6.442630100715856e-08
4.8978e-06,2.433421e-06,4.61038e-08,4.606405e-08,6.517251780346146e-08
4.9545e-06,2.461598e-06,4.663759e-08,4.65978e-08,6.592738251931515e-08
5.0119e-06,2.490102e-06,4.717755e-08,4.713774e-08,6.669098706954412e-08
5.0699e-06,2.518935e-06,4.772377e-08,4.768393e-08,6.746343752921133e-08
5.1286e-06,2.548103e-06,4.827631e-08,4.823646e-08,6.824483995546989e-08
5.188e-06,2.577608e-06,4.883524e-08,4.879538e-08,6.903527920709817e-08
5.2481e-06,2.607455e-06,4.940065e-08,4.936078e-08,6.983488256330714e-08
5.3088e-06,2.637647e-06,4.99726e-08,4.993273e-08,7.064374194514968e-08
5.3703e-06,2.668189e-06,5.055117e-08,5.051131e-08,7.146197048979968e-08
5.4325e-06,2.699085e-06,5.113644e-08,5.10966e-08,7.228968133443112e-08
5.4954e-06,2.730339e-06,5.172848e-08,5.168866e-08,7.312696640573844e-08
5.559e-06,2.761954e-06,5.232738e-08,5.228759e-08,7.397396005130792e-08
5.6234e-06,2.793935e-06,5.293321e-08,5.289345e-08,7.483075419776684e-08
5.6885e-06,2.826287e-06,5.354605e-08,5.350634e-08,7.569747611907612e-08
5.7544e-06,2.859014e-06,5.416599e-08,5.412632e-08,7.657423188920996e-08
5.821e-06,2.892119e-06,5.47931e-08,5.47535e-08,7.746114877704823e-08
5.8884e-06,2.925607e-06,5.542747e-08,5.538793e-08,7.835832578791994e-08
5.9566e-06,2.959484e-06,5.606919e-08,5.602972e-08,7.926590433808536e-08
6.0256e-06,2.993753e-06,5.671834e-08,5.667895e-08,8.018399756471425e-08
6.0954e-06,3.028418e-06,5.737499e-08,5.73357e-08,8.111271153148623e-08
6.166e-06,3.063485e-06,5.803925e-08,5.800006e-08,8.2052187664718e-08
6.2373e-06,3.098958e-06,5.87112e-08,5.867211e-08,8.30025391014763e-08
6.3096e-06,3.134841e-06,5.939093e-08,5.935196e-08,8.39639072584554e-08
6.3826e-06,3.171141e-06,6.007853e-08,6.003968e-08,8.493640527749747e-08
6.4565e-06,3.20786e-06,6.077408e-08,6.073537e-08,8.592016043329586e-08
6.5313e-06,3.245005e-06,6.147769e-08,6.143912e-08,8.69153141518254e-08
6.6069e-06,3.282579e-06,6.218944e-08,6.215103e-08,8.792199370791416e-08
6.6834e-06,3.320589e-06,6.290943e-08,6.287118e-08,8.894032638526406e-08
6.7608e-06,3.359039e-06,6.363776e-08,6.359968e-08,8.997046067415682e-08
6.8391e-06,3.397934e-06,6.437451e-08,6.433662e-08,9.101251678074011e-08
6.9183e-06,3.43728e-06,6.511979e-08,6.50821e-08,9.206664319966326e-08
6.9984e-06,3.477081e-06,6.58737e-08,6.583622e-08,9.313298135235659e-08
7.0795e-06,3.517343e-06,6.663634e-08,6.659907e-08,9.421166559115969e-08
7.1614e-06,3.558071e-06,6.74078e-08,6.737077e-08,9.530284440263523e-08
7.2444e-06,3.599271e-06,6.818819e-08,6.815141e-08,9.640665921223595e-08
7.3282e-06,3.640947e-06,6.897762e-08,6.894109e-08,9.752325851432827e-08
7.4131e-06,3.683107e-06,6.977618e-08,6.973992e-08,9.865278372655685e-08
7.4989e-06,3.725754e-06,7.058399e-08,7.054801e-08,9.979539748545621e-08
7.5858e-06,3.768896e-06,7.140115e-08,7.136546e-08,1.0095124121244919e-07
7.6736e-06,3.812537e-06,7.222777e-08,7.219238e-08,1.0212047047109262e-07
7.7625e-06,3.856683e-06,7.306395e-08,7.302889e-08,1.0330324082154732e-07
7.8524e-06,3.90134e-06,7.390981e-08,7.387509e-08,1.0449970783090353e-07
7.9433e-06,3.946515e-06,7.476546e-08,7.473109e-08,1.0571002706271387e-07
8.0353e-06,3.992212e-06,7.563102e-08,7.559701e-08,1.0693436822266497e-07
8.1283e-06,4.038439e-06,7.65066e-08,7.647297e-08,1.0817289394381986e-07
8.2224e-06,4.085201e-06,7.739231e-08,7.735908e-08,1.0942575978983422e-07
8.3176e-06,4.132504e-06,7.828827e-08,7.825545e-08,1.106931283969127e-07
8.414e-06,4.180355e-06,7.91946e-08,7.916221e-08,1.1197517654035692e-07
8.5114e-06,4.22876e-06,8.011142e-08,8.007947e-08,1.1327206685629648e-07
8.6099e-06,4.277726e-06,8.103885e-08,8.100737e-08,1.1458398318979578e-07
8.7096e-06,4.327259e-06,8.197702e-08,8.194602e-08,1.1591109524942295e-07
8.8105e-06,4.377365e-06,8.292604e-08,8.289554e-08,1.1725356566848277e-07
8.9125e-06,4.428051e-06,8.388605e-08,8.385606e-08,1.1861158536722329e-07
9.0157e-06,4.479324e-06,8.485717e-08,8.482772e-08,1.199853381909944e-07
9.1201e-06,4.531191e-06,8.583954e-08,8.581063e-08,1.2137500092032336e-07
9.2257e-06,4.583659e-06,8.683327e-08,8.680493e-08,1.227807503283711e-07
9.3325e-06,4.636734e-06,8.78385e-08,8.781076e-08,1.2420278440529261e-07
9.4406e-06,4.690423e-06,8.885536e-08,8.882824e-08,1.2564127992911884e-07
9.5499e-06,4.744734e-06,8.9884e-08,8.98575e-08,1.2709643489197485e-07
9.6605e-06,4.799674e-06,9.092454e-08,9.08987e-08,1.2856844727965568e-07
9.7724e-06,4.85525e-06,9.197712e-08,9.195196e-08,1.3005750094222171e-07
9.8855e-06,4.91147e-06,9.304189e-08,9.301742e-08,1.3156380094170472e-07
1e-05,4.968341e-06,9.411897e-08,9.409523e-08,1.3308753819427947e-07
1.0116e-05,5.02587e-06,9.520853e-08,9.518553e-08,1.3462893190596815e-07
1.0233e-05,5.084065e-06,9.631069e-08,9.628846e-08,1.36188165922916e-07
1.0351e-05,5.142934e-06,9.742561e-08,9.740417e-08,1.3776545944924294e-07
1.0471e-05,5.202485e-06,9.855343e-08,9.853281e-08,1.393610175452985e-07
1.0593e-05,5.262725e-06,9.96943e-08,9.967453e-08,1.4097505234335222e-07
1.0715e-05,5.323663e-06,1.008484e-07,1.008295e-07,1.4260781133167285e-07
1.0839e-05,5.385307e-06,1.020158e-07,1.019978e-07,1.4425940057576836e-07
1.0965e-05,5.447664e-06,1.031968e-07,1.031797e-07,1.45930223128487e-07
1.1092e-05,5.510743e-06,1.043914e-07,1.043752e-07,1.4762027898971064e-07
1.122e-05,5.574552e-06,1.055998e-07,1.055846e-07,1.4932992170760688e-07
1.135e-05,5.639101e-06,1.068222e-07,1.068081e-07,1.5105943412594264e-07
1.1482e-05,5.704396e-06,1.080588e-07,1.080457e-07,1.5280895767568732e-07
1.1614e-05,5.770448e-06,1.093097e-07,1.092976e-07,1.545787044836707e-07
1.1749e-05,5.837265e-06,1.10575e-07,1.105641e-07,1.5636895738544143e-07
1.1885e-05,5.904855e-06,1.11855e-07,1.118452e-07,1.581799285245761e-07
1.2023e-05,5.973228e-06,1.131498e-07,1.131412e-07,1.6001190073703894e-07
1.2162e-05,6.042392e-06,1.144596e-07,1.144521e-07,1.6186501544981857e-07
1.2303e-05,6.112358e-06,1.157846e-07,1.157783e-07,1.6373969692182163e-07
1.2445e-05,6.183133e-06,1.171249e-07,1.171199e-07,1.6563608657541993e-07
1.2589e-05,6.254728e-06,1.184807e-07,1.18477e-07,1.6755439654479378e-07
1.2735e-05,6.327152e-06,1.198521e-07,1.198498e-07,1.6949483896110228e-07
1.2882e-05,6.400415e-06,1.212395e-07,1.212385e-07,1.7145783809000976e-07
1.3032e-05,6.474525e-06,1.226429e-07,1.226433e-07,1.7344353535171035e-07
1.3183e-05,6.549494e-06,1.240626e-07,1.240644e-07,1.754522843000911e-07
1.3335e-05,6.625331e-06,1.254986e-07,1.255019e-07,1.7748415564655341e-07
1.349e-05,6.702046e-06,1.269513e-07,1.269562e-07,1.7953971507755603e-07
1.3646e-05,6.77965e-06,1.284208e-07,1.284272e-07,1.8161896259058414e-07
1.3804e-05,6.858151e-06,1.299073e-07,1.299153e-07,1.837223224526078e-07
1.3964e-05,6.937562e-06,1.31411e-07,1.314207e-07,1.8585007750735537e-07
1.4125e-05,7.017892e-06,1.329321e-07,1.329435e-07,1.8800243988485892e-07
1.4289e-05,7.099153e-06,1.344709e-07,1.344839e-07,1.901797631348299e-07
1.4454e-05,7.181354e-06,1.360274e-07,1.360422e-07,1.9238225939935316e-07
1.4622e-05,7.264507e-06,1.376019e-07,1.376185e-07,1.9461021151486373e-07
1.4791e-05,7.348623e-06,1.391946e-07,1.392132e-07,1.968640437545668e-07
1.4962e-05,7.433713e-06,1.408058e-07,1.408262e-07,1.9914389752156607e-07
1.5136e-05,7.519787e-06,1.424356e-07,1.42458e-07,2.014501970993327e-07
1.5311e-05,7.606859e-06,1.440843e-07,1.441087e-07,2.0378322532087867e-07
1.5488e-05,7.694939e-06,1.45752e-07,1.457785e-07,2.0614319432435794e-07
1.5668e-05,7.784038e-06,1.474391e-07,1.474677e-07,2.0853059907864842e-07
1.5849e-05,7.874169e-06,1.491456e-07,1.491764e-07,2.1094551030140464e-07
1.6032e-05,7.965344e-06,1.508719e-07,1.50905e-07,2.133884936790407e-07
1.6218e-05,8.057575e-06,1.526182e-07,1.526535e-07,2.1585969061751665e-07
1.6406e-05,8.150873e-06,1.543847e-07,1.544223e-07,2.183595253964892e-07
1.6596e-05,8.245252e-06,1.561716e-07,1.562117e-07,2.208883515793669e-07
1.6788e-05,8.340723e-06,1.579792e-07,1.580217e-07,2.234463812719508e-07
1.6982e-05,8.4373e-06,1.598078e-07,1.598527e-07,2.2603410945724543e-07
1.7179e-05,8.534995e-06,1.616574e-07,1.61705e-07,2.2865174829806135e-07
1.7378e-05,8.633821e-06,1.635285e-07,1.635787e-07,2.312997220187262e-07
1.7579e-05,8.733791e-06,1.654212e-07,1.654741e-07,2.339783134827884e-07
1.7783e-05,8.834919e-06,1.673358e-07,1.673915e-07,2.3668794695524739e-07
1.7989e-05,8.937218e-06,1.692726e-07,1.693311e-07,2.394289759782011e-07
1.8197e-05,9.040701e-06,1.712318e-07,1.712931e-07,2.4220168339392273e-07
1.8408e-05,9.145382e-06,1.732136e-07,1.732779e-07,2.450064934922542e-07
1.8621e-05,9.251276e-06,1.752184e-07,1.752857e-07,2.4784383051238134e-07
1.8836e-05,9.358395e-06,1.772463e-07,1.773168e-07,2.5071397732461985e-07
1.9055e-05,9.466755e-06,1.792977e-07,1.793714e-07,2.536173581662935e-07
1.9275e-05,9.576369e-06,1.813729e-07,1.814498e-07,2.565543973009428e-07
1.9498e-05,9.687253e-06,1.834721e-07,1.835523e-07,2.595254482968867e-07
1.9724e-05,9.79942e-06,1.855955e-07,1.856792e-07,2.6253086472430245e-07
1.9953e-05,9.912886e-06,1.877435e-07,1.878306e-07,2.6557100008963704e-07
2.0184e-05,1.002767e-05,1.899164e-07,1.900071e-07,2.686464908376248e-07
2.0417e-05,1.014377e-05,1.921143e-07,1.922087e-07,2.717574076638574e-07
2.0654e-05,1.026123e-05,1.943378e-07,1.944359e-07,2.749045283687593e-07
2.0893e-05,1.038004e-05,1.965869e-07,1.966888e-07,2.780879236807129e-07
2.1135e-05,1.050023e-05,1.988621e-07,1.989679e-07,2.8130830070728447e-07
2.138e-05,1.062181e-05,2.011635e-07,2.012734e-07,2.845658716006015e-07
2.1627e-05,1.07448e-05,2.034916e-07,2.036056e-07,2.878612020087459e-07
2.1878e-05,1.086921e-05,2.058466e-07,2.059648e-07,2.9119464550468644e-07
2.2131e-05,1.099506e-05,2.082289e-07,2.083513e-07,2.9456669704313145e-07
2.2387e-05,1.112237e-05,2.106387e-07,2.107655e-07,2.979777809299546e-07
2.2646e-05,1.125115e-05,2.130764e-07,2.132077e-07,3.014283921203343e-07
2.2909e-05,1.138143e-05,2.155423e-07,2.156782e-07,3.049189548790465e-07
2.3174e-05,1.151321e-05,2.180367e-07,2.181773e-07,3.084498934708521e-07
2.3442e-05,1.164652e-05,2.2056e-07,2.207053e-07,3.1202170284787886e-07
2.3714e-05,1.178137e-05,2.231125e-07,2.232627e-07,3.156349487422773e-07
2.3988e-05,1.191779e-05,2.256944e-07,2.258497e-07,3.1928991399893925e-07
2.4266e-05,1.205578e-05,2.283063e-07,2.284666e-07,3.22987234941646e-07
2.4547e-05,1.219537e-05,2.309483e-07,2.311139e-07,3.2672733593334363e-07
2.4831e-05,1.233657e-05,2.336209e-07,2.337919e-07,3.305107826114301e-07
2.5119e-05,1.247942e-05,2.363245e-07,2.365009e-07,3.343380699248292e-07
2.541e-05,1.262391e-05,2.390593e-07,2.392412e-07,3.382095514528382e-07
2.5704e-05,1.277008e-05,2.418257e-07,2.420134e-07,3.4212593435758414e-07
2.6002e-05,1.291794e-05,2.446241e-07,2.448176e-07,3.4608757211227626e-07
2.6303e-05,1.306751e-05,2.474549e-07,2.476544e-07,3.5009517187954763e-07
2.6607e-05,1.321882e-05,2.503184e-07,2.50524e-07,3.541490871858348e-07
2.6915e-05,1.337187e-05,2.53215e-07,2.534268e-07,3.582498837169944e-07
2.7227e-05,1.35267e-05,2.561452e-07,2.563633e-07,3.6239826858020447e-07
2.7542e-05,1.368332e-05,2.591092e-07,2.593339e-07,3.6659466610119957e-07
2.7861e-05,1.384176e-05,2.621075e-07,2.623388e-07,3.708395711647963e-07
2.8184e-05,1.400202e-05,2.651405e-07,2.653786e-07,3.751336909399235e-07
2.851e-05,1.416415e-05,2.682085e-07,2.684536e-07,3.7947744969261346e-07
2.884e-05,1.432815e-05,2.71312e-07,2.715642e-07,3.8387148378805117e-07
2.9174e-05,1.449405e-05,2.744515e-07,2.747109e-07,3.883165003332462e-07
2.9512e-05,1.466187e-05,2.776272e-07,2.77894e-07,3.9281285291578736e-07
2.9854e-05,1.483163e-05,2.808396e-07,2.81114e-07,3.9736124864430353e-07
3.02e-05,1.500336e-05,2.840892e-07,2.843713e-07,4.019623238816419e-07
3.0549e-05,1.517708e-05,2.873764e-07,2.876664e-07,4.0661671505967386e-07
3.0903e-05,1.535281e-05,2.907016e-07,2.909996e-07,4.113249171187177e-07
3.1261e-05,1.553057e-05,2.940652e-07,2.943715e-07,4.160876372391879e-07
3.1623e-05,1.571039e-05,2.974678e-07,2.977824e-07,4.2090551170850685e-07
3.1989e-05,1.589229e-05,3.009097e-07,3.012329e-07,4.257791770348803e-07
3.2359e-05,1.60763e-05,3.043913e-07,3.047233e-07,4.3070912815794833e-07
3.2734e-05,1.626244e-05,3.079133e-07,3.082542e-07,4.3569628427900327e-07
3.3113e-05,1.645073e-05,3.114759e-07,3.11826e-07,4.407410697414186e-07
3.3497e-05,1.664121e-05,3.150798e-07,3.154391e-07,4.4584426224506916e-07
3.3884e-05,1.683389e-05,3.187253e-07,3.190942e-07,4.510065690582899e-07
3.4277e-05,1.70288e-05,3.22413e-07,3.227916e-07,4.5622862645778816e-07
3.4674e-05,1.722596e-05,3.261433e-07,3.265318e-07,4.6151107088143617e-07
3.5075e-05,1.742541e-05,3.299167e-07,3.303154e-07,4.6685468019079556e-07
3.5481e-05,1.762717e-05,3.337338e-07,3.341428e-07,4.722601614092385e-07
3.5892e-05,1.783126e-05,3.37595e-07,3.380146e-07,4.777282217308917e-07
3.6308e-05,1.803772e-05,3.415008e-07,3.419312e-07,4.832594975104784e-07
3.6728e-05,1.824657e-05,3.454518e-07,3.458933e-07,4.888549080331811e-07
3.7154e-05,1.845783e-05,3.494485e-07,3.499012e-07,4.945150188959785e-07
3.7584e-05,1.867154e-05,3.534914e-07,3.539556e-07,5.002406787190743e-07
3.8019e-05,1.888773e-05,3.57581e-07,3.580569e-07,5.060325238545542e-07
3.8459e-05,1.910641e-05,3.617179e-07,3.622058e-07,5.118914735899105e-07
3.8905e-05,1.932763e-05,3.659027e-07,3.664027e-07,5.178182349382648e-07
3.9355e-05,1.955141e-05,3.701358e-07,3.706483e-07,5.238135858628812e-07
3.9811e-05,1.977779e-05,3.744178e-07,3.74943e-07,5.298782333761598e-07
4.0272e-05,2.000678e-05,3.787494e-07,3.792876e-07,5.360132381892447e-07
4.0738e-05,2.023842e-05,3.83131e-07,3.836824e-07,5.422190952288198e-07
4.121e-05,2.047275e-05,3.875633e-07,3.881282e-07,5.484968652072042e-07
4.1687e-05,2.070978e-05,3.920468e-07,3.926256e-07,5.548473259966205e-07
4.217e-05,2.094957e-05,3.965821e-07,3.97175e-07,5.612711846027818e-07
4.2658e-05,2.119212e-05,4.011699e-07,4.017771e-07,5.677694309756558e-07
4.3152e-05,2.143749e-05,4.058107e-07,4.064326e-07,5.743429137520981e-07
4.3652e-05,2.168569e-05,4.105052e-07,4.11142e-07,5.80992481355e-07
4.4157e-05,2.193677e-05,4.152539e-07,4.159059e-07,5.877189116576223e-07
4.4668e-05,2.219076e-05,4.200575e-07,4.207251e-07,5.945232653784543e-07
4.5186e-05,2.244769e-05,4.249166e-07,4.256001e-07,6.014063202823612e-07
4.5709e-05,2.270759e-05,4.298319e-07,4.305316e-07,6.083690663209052e-07
4.6238e-05,2.29705e-05,4.34804e-07,4.355203e-07,6.154124227931136e-07
4.6774e-05,2.323645e-05,4.398336e-07,4.405667e-07,6.225372381133919e-07
4.7315e-05,2.350548e-05,4.449213e-07,4.456717e-07,6.297445731203883e-07
4.7863e-05,2.377763e-05,4.500678e-07,4.508357e-07,6.37035205456755e-07
4.8417e-05,2.405293e-05,4.552738e-07,4.560596e-07,6.444102666148328e-07
4.8978e-05,2.433141e-05,4.6054e-07,4.613441e-07,6.518707465478184e-07
4.9545e-05,2.461312e-05,4.658671e-07,4.666898e-07,6.594175644358057e-07
5.0119e-05,2.489809e-05,4.712557e-07,4.720974e-07,6.670516395821616e-07
5.0699e-05,2.518636e-05,4.767066e-07,4.775676e-07,6.747740325867023e-07
5.1286e-05,2.547796e-05,4.822204e-07,4.831013e-07,6.825858043043746e-07
5.188e-05,2.577294e-05,4.877981e-07,4.886991e-07,6.904880858526234e-07
5.2481e-05,2.607134e-05,4.934401e-07,4.943617e-07,6.98481655245791e-07
5.3088e-05,2.637319e-05,4.991474e-07,5.0009e-07,7.065678559252182e-07
5.3703e-05,2.667854e-05,5.049207e-07,5.058846e-07,7.147476070653542e-07
5.4325e-05,2.698741e-05,5.107606e-07,5.117464e-07,7.230219695315765e-07
5.4954e-05,2.729987e-05,5.166681e-07,5.176761e-07,7.313921452058532e-07
5.559e-05,2.761594e-05,5.226438e-07,5.236745e-07,7.398591241774951e-07
5.6234e-05,2.793567e-05,5.286886e-07,5.297424e-07,7.484241084623877e-07
5.6885e-05,2.82591e-05,5.348032e-07,5.358806e-07,7.570881587943375e-07
5.7544e-05,2.858628e-05,5.409885e-07,5.420899e-07,7.658524771875195e-07
5.821e-05,2.891724e-05,5.472453e-07,5.483712e-07,7.74718265798303e-07
5.8884e-05,2.925204e-05,5.535744e-07,5.547253e-07,7.836866560019061e-07
5.9566e-05,2.959071e-05,5.599766e-07,5.61153e-07,7.927587791734381e-07
6.0256e-05,2.99333e-05,5.664528e-07,5.676552e-07,8.019359081091705e-07
6.0954e-05,3.027986e-05,5.730039e-07,5.742327e-07,8.112192448188714e-07
6.166e-05,3.063042e-05,5.796306e-07,5.808864e-07,8.2060992082799e-07
6.2373e-05,3.098505e-05,5.86334e-07,5.876173e-07,8.301094209893597e-07
6.3096e-05,3.134378e-05,5.931148e-07,5.944261e-07,8.397187352561869e-07
6.3826e-05,3.170666e-05,5.999739e-07,6.013138e-07,8.494392072135887e-07
6.4565e-05,3.207375e-05,6.069123e-07,6.082813e-07,8.592721802903781e-07
6.5313e-05,3.244508e-05,6.139309e-07,6.153296e-07,8.692189980729655e-07
6.6069e-05,3.282071e-05,6.210306e-07,6.224595e-07,8.792808625670242e-07
6.6834e-05,3.320069e-05,6.282123e-07,6.296721e-07,8.894591881529472e-07
6.7608e-05,3.358507e-05,6.35477e-07,6.369682e-07,8.997552474646868e-07
6.8391e-05,3.39739e-05,6.428257e-07,6.443489e-07,9.101705255124997e-07
6.9183e-05,3.436723e-05,6.502592e-07,6.51815e-07,9.207061536720822e-07
6.9984e-05,3.476511e-05,6.577787e-07,6.593677e-07,9.313638290039935e-07
7.0795e-05,3.51676e-05,6.65385e-07,6.670079e-07,9.421447536803514e-07
7.1614e-05,3.557474e-05,6.730793e-07,6.747367e-07,9.530505539662521e-07
7.2444e-05,3.59866e-05,6.808624e-07,6.82555e-07,9.640824320351244e-07
7.3282e-05,3.640323e-05,6.887355e-07,6.904639e-07,9.752420141500571e-07
7.4131e-05,3.682467e-05,6.966995e-07,6.984644e-07,9.865306439070254e-07
7.4989e-05,3.7251e-05,7.047556e-07,7.065576e-07,9.97949947567071e-07
7.5858e-05,3.768226e-05,7.129048e-07,7.147446e-07,1.009501410148693e-06
7.6736e-05,3.811852e-05,7.211481e-07,7.230265e-07,1.0211865166735507e-06
7.7625e-05,3.855982e-05,7.294866e-07,7.314043e-07,1.033006751980862e-06
7.8524e-05,3.900623e-05,7.379216e-07,7.398792e-07,1.044963883748716e-06
7.9433e-05,3.945781e-05,7.464539e-07,7.484523e-07,1.057059255765967e-06
8.0353e-05,3.991461e-05,7.550849e-07,7.571248e-07,1.0692947063289196e-06
8.1283e-05,4.03767e-05,7.638156e-07,7.658977e-07,1.081671649655592e-06
8.2224e-05,4.084414e-05,7.726472e-07,7.747723e-07,1.0941918536139492e-06
8.3176e-05,4.131699e-05,7.815808e-07,7.837497e-07,1.1068568738453631e-06
8.414e-05,4.179532e-05,7.906177e-07,7.928312e-07,1.1196685488334172e-06
8.5114e-05,4.227918e-05,7.99759e-07,8.020178e-07,1.1326283634086867e-06
8.6099e-05,4.276864e-05,8.090059e-07,8.11311e-07,1.1457382270640227e-06
8.7096e-05,4.326376e-05,8.183596e-07,8.207118e-07,1.1589996952421514e-06
8.8105e-05,4.376462e-05,8.278215e-07,8.302215e-07,1.1724146770338982e-06
8.9125e-05,4.427127e-05,8.373927e-07,8.398414e-07,1.185984869704184e-06
9.0157e-05,4.478379e-05,8.470744e-07,8.495728e-07,1.199712041131204e-06
9.1201e-05,4.530224e-05,8.568681e-07,8.59417e-07,1.2135981710132107e-06
9.2257e-05,4.582669e-05,8.667749e-07,8.693752e-07,1.227644885805765e-06
9.3325e-05,4.635721e-05,8.767962e-07,8.794488e-07,1.2418541654139105e-06
9.4406e-05,4.689387e-05,8.869334e-07,8.896391e-07,1.256227918924098e-06
9.5499e-05,4.743674e-05,8.971876e-07,8.999475e-07,1.270767914432061e-06
9.6605e-05,4.798589e-05,9.075604e-07,9.103753e-07,1.28547620222945e-06
9.7724e-05,4.85414e-05,9.18053e-07,9.20924e-07,1.3003546918379616e-06
9.8855e-05,4.910334e-05,9.286669e-07,9.315949e-07,1.3154053629439177e-06
0.0001,4.967178e-05,9.394035e-07,9.423895e-07,1.33063026627328e-06
0.00010116,5.02468e-05,9.502641e-07,9.533091e-07,1.3460312403104246e-06
0.00010233,5.082848e-05,9.612503e-07,9.643553e-07,1.3616105478029244e-06
0.00010351,5.141688e-05,9.723634e-07,9.755294e-07,1.3773700272344828e-06
0.00010471,5.20121e-05,9.83605e-07,9.868331e-07,1.3933120121783957e-06
0.00010593,5.261421e-05,9.949765e-07,9.982677e-07,1.4094384117142331e-06
0.00010715,5.322328e-05,1.00648e-06,1.009835e-06,1.4257519832092118e-06
0.00010839,5.38394e-05,1.018115e-06,1.021536e-06,1.4422530819939335e-06
0.00010965,5.446266e-05,1.029886e-06,1.033373e-06,1.4589465137985697e-06
0.00011092,5.509312e-05,1.041792e-06,1.045346e-06,1.4758315727006249e-06
0.0001122,5.573089e-05,1.053836e-06,1.057459e-06,1.4929132096598917e-06
0.0001135,5.637603e-05,1.06602e-06,1.069712e-06,1.5101928364761899e-06
0.00011482,5.702864e-05,1.078344e-06,1.082107e-06,1.5276718698022164e-06
0.00011614,5.76888e-05,1.090811e-06,1.094646e-06,1.5453538439583992e-06
0.00011749,5.83566e-05,1.103421e-06,1.107329e-06,1.5632387589495086e-06
0.00011885,5.903213e-05,1.116178e-06,1.12016e-06,1.5813322716254166e-06
0.00012023,5.971548e-05,1.129082e-06,1.13314e-06,1.5996350903640494e-06
0.00012162,6.040673e-05,1.142136e-06,1.14627e-06,1.6181500410641775e-06
0.00012303,6.110598e-05,1.15534e-06,1.159552e-06,1.636878540486129e-06
0.00012445,6.181333e-05,1.168697e-06,1.172988e-06,1.6558241228925855e-06
0.00012589,6.252886e-05,1.182208e-06,1.186579e-06,1.6749882024972596e-06
0.00012735,6.325267e-05,1.195876e-06,1.200328e-06,1.694375021935817e-06
0.00012882,6.398486e-05,1.209702e-06,1.214237e-06,1.713986703849537e-06
0.00013032,6.472552e-05,1.223687e-06,1.228306e-06,1.7338239540406056e-06
0.00013183,6.547474e-05,1.237835e-06,1.242539e-06,1.7538924293542063e-06
0.00013335,6.623264e-05,1.252146e-06,1.256936e-06,1.7741921297909086e-06
0.0001349,6.699931e-05,1.266622e-06,1.271501e-06,1.7947273007019759e-06
0.00013646,6.777485e-05,1.281267e-06,1.286234e-06,1.8155007650907229e-06
0.00013804,6.855937e-05,1.29608e-06,1.301138e-06,1.836513942621727e-06
0.00013964,6.935296e-05,1.311065e-06,1.316214e-06,1.857770364717071e-06
0.00014125,7.015573e-05,1.326224e-06,1.331465e-06,1.8792735682707293e-06
0.00014289,7.09678e-05,1.341557e-06,1.346893e-06,1.9010249702983915e-06
0.00014454,7.178926e-05,1.357069e-06,1.3625e-06,1.9230295163519985e-06
0.00014622,7.262022e-05,1.372759e-06,1.378287e-06,1.9452872092444346e-06
0.00014791,7.34608e-05,1.388632e-06,1.394258e-06,1.9678044115175677e-06
0.00014962,7.431111e-05,1.404688e-06,1.410413e-06,1.9905811231680563e-06
0.00015136,7.517125e-05,1.42093e-06,1.426756e-06,2.0136222953761713e-06
0.00015311,7.604135e-05,1.43736e-06,1.443288e-06,2.036930048024232e-06
0.00015488,7.692151e-05,1.453981e-06,1.460012e-06,2.060508623739537e-06
0.00015668,7.781186e-05,1.470793e-06,1.476929e-06,2.08435873109453e-06
0.00015849,7.871251e-05,1.487801e-06,1.494043e-06,2.108486732576233e-06
0.00016032,7.962357e-05,1.505006e-06,1.511354e-06,2.132893333796137e-06
0.00016218,8.054518e-05,1.522409e-06,1.528867e-06,2.157582783341117e-06
0.00016406,8.147746e-05,1.540015e-06,1.546582e-06,2.182558609281547e-06
0.00016596,8.242051e-05,1.557825e-06,1.564502e-06,2.207823643008879e-06
0.00016788,8.337448e-05,1.57584e-06,1.582631e-06,2.2333814246028376e-06
0.00016982,8.433949e-05,1.594065e-06,1.600969e-06,2.259235482012887e-06
0.00017179,8.531566e-05,1.612501e-06,1.61952e-06,2.2853893553180386e-06
0.00017378,8.630312e-05,1.631151e-06,1.638285e-06,2.3118458698680587e-06
0.00017579,8.730201e-05,1.650017e-06,1.657268e-06,2.3386092713647144e-06
0.00017783,8.831245e-05,1.669101e-06,1.676471e-06,2.3656823882427665e-06
0.00017989,8.933458e-05,1.688407e-06,1.695897e-06,2.39307016868666e-06
0.00018197,9.036854e-05,1.707937e-06,1.715548e-06,2.4207754411082825e-06
0.00018408,9.141446e-05,1.727694e-06,1.735426e-06,2.4488017394456416e-06
0.00018621,9.247248e-05,1.74768e-06,1.755535e-06,2.4771533094713778e-06
0.00018836,9.354273e-05,1.767898e-06,1.775876e-06,2.505832976433186e-06
0.00019055,9.462537e-05,1.78835e-06,1.796454e-06,2.534845694833514e-06
0.00019275,9.572053e-05,1.80904e-06,1.817269e-06,2.564194286703135e-06
0.00019498,9.682836e-05,1.82997e-06,1.838327e-06,2.5938844152793317e-06
0.00019724,9.794901e-05,1.851143e-06,1.859628e-06,2.6239181970543594e-06
0.00019953,9.908262e-05,1.872562e-06,1.881175e-06,2.6542998746315384e-06
0.00020184,0.0001002293,1.89423e-06,1.902973e-06,2.6850351080812703e-06
0.00020417,0.0001013893,1.91615e-06,1.925023e-06,2.716126722564505e-06
0.00020654,0.0001025627,1.938325e-06,1.947328e-06,2.7475789606868447e-06
0.00020893,0.0001037497,1.960757e-06,1.969893e-06,2.7793967770899495e-06
0.00021135,0.0001049504,1.98345e-06,1.992718e-06,2.8115829936219203e-06
0.0002138,0.000106165,2.006407e-06,2.015808e-06,2.8441432703914546e-06
0.00021627,0.0001073936,2.029632e-06,2.039165e-06,2.8770818467066588e-06
0.00021878,0.0001086365,2.053126e-06,2.062794e-06,2.9104029718085433e-06
0.00022131,0.0001098937,2.076894e-06,2.086696e-06,2.944110881684316e-06
0.00022387,0.0001111655,2.100939e-06,2.110875e-06,2.9782105277072004e-06
0.00022646,0.000112452,2.125263e-06,2.135334e-06,3.0127054470566813e-06
0.00022909,0.0001137533,2.149872e-06,2.160076e-06,3.047601998647461e-06
0.00023174,0.0001150698,2.174766e-06,2.185105e-06,3.0829030175762907e-06
0.00023442,0.0001164014,2.199951e-06,2.210424e-06,3.1186148627518912e-06
0.00023714,0.0001177484,2.22543e-06,2.236037e-06,3.1547424855713656e-06
0.00023988,0.000119111,2.251205e-06,2.261946e-06,3.191288714444527e-06
0.00024266,0.0001204894,2.277282e-06,2.288156e-06,3.2282613258316e-06
0.00024547,0.0001218837,2.303663e-06,2.314669e-06,3.2656631481415837e-06
0.00024831,0.0001232942,2.330351e-06,2.34149e-06,3.3034998415772627e-06
0.00025119,0.0001247209,2.357352e-06,2.368621e-06,3.3417770562299632e-06
0.0002541,0.0001261642,2.384667e-06,2.396067e-06,3.380499041469765e-06
0.00025704,0.0001276241,2.412302e-06,2.42383e-06,3.4196714473914007e-06
0.00026002,0.0001291009,2.44026e-06,2.451916e-06,3.459300642999391e-06
0.00026303,0.0001305948,2.468545e-06,2.480326e-06,3.499390158770668e-06
0.00026607,0.000132106,2.497161e-06,2.509066e-06,3.539947069134933e-06
0.00026915,0.0001336346,2.526112e-06,2.538139e-06,3.580976322159224e-06
0.00027227,0.000135181,2.555402e-06,2.567549e-06,3.622483574704653e-06
0.00027542,0.0001367452,2.585035e-06,2.5973e-06,3.664474483636774e-06
0.00027861,0.0001383275,2.615015e-06,2.627395e-06,3.7069539970506785e-06
0.00028184,0.000139928,2.645346e-06,2.657839e-06,3.7499284806029298e-06
0.0002851,0.0001415471,2.676034e-06,2.688636e-06,3.793405002059759e-06
0.0002884,0.0001431849,2.707081e-06,2.71979e-06,3.83738780743633e-06
0.00029174,0.0001448417,2.738493e-06,2.751304e-06,3.881883255774831e-06
0.00029512,0.0001465176,2.770274e-06,2.783184e-06,3.926898421519456e-06
0.00029854,0.0001482129,2.802429e-06,2.815433e-06,3.972438958313897e-06
0.000302,0.0001499278,2.834961e-06,2.848056e-06,4.018510526383749e-06
0.00030549,0.0001516625,2.867877e-06,2.881057e-06,4.065120899109644e-06
0.00030903,0.0001534172,2.901179e-06,2.914441e-06,4.112275031235386e-06
0.00031261,0.0001551923,2.934874e-06,2.948211e-06,4.1599799874995795e-06
0.00031623,0.0001569878,2.968966e-06,2.982372e-06,4.208242133663414e-06
0.00031989,0.0001588042,3.00346e-06,3.016929e-06,4.257068540984629e-06
0.00032359,0.0001606415,3.038361e-06,3.051887e-06,4.306466280732963e-06
0.00032734,0.0001625001,3.073674e-06,3.08725e-06,4.356441715526102e-06
0.00033113,0.0001643801,3.109405e-06,3.123022e-06,4.407001913603964e-06
0.00033497,0.0001662819,3.145557e-06,3.159209e-06,4.4581532438813715e-06
0.00033884,0.0001682056,3.182137e-06,3.195816e-06,4.5099041888520204e-06
0.00034277,0.0001701516,3.21915e-06,3.232846e-06,4.5622604027188104e-06
0.00034674,0.0001721201,3.256602e-06,3.270306e-06,4.615231079809547e-06
0.00035075,0.0001741114,3.294497e-06,3.308199e-06,4.66882116884016e-06
0.00035481,0.0001761256,3.332842e-06,3.346532e-06,4.723040569801195e-06
0.00035892,0.0001781632,3.371642e-06,3.385309e-06,4.777895645746671e-06
0.00036308,0.0001802243,3.410904e-06,3.424535e-06,4.8333948797342225e-06
0.00036728,0.0001823092,3.450632e-06,3.464216e-06,4.889545346356858e-06
0.00037154,0.0001844182,3.490832e-06,3.504356e-06,4.9463541145939e-06
0.00037584,0.0001865516,3.531511e-06,3.544962e-06,5.003831084735475e-06
0.00038019,0.0001887096,3.572676e-06,3.586038e-06,5.06198403182191e-06
0.00038459,0.0001908926,3.614331e-06,3.62759e-06,5.120820030586996e-06
0.00038905,0.0001931008,3.656484e-06,3.669623e-06,5.1803482705687845e-06
0.00039355,0.0001953345,3.69914e-06,3.712144e-06,5.240577240756594e-06
0.00039811,0.0001975941,3.742306e-06,3.755157e-06,5.301514716784723e-06
0.00040272,0.0001998797,3.78599e-06,3.798669e-06,5.363171305455477e-06
0.00040738,0.0002021918,3.830197e-06,3.842685e-06,5.42555407935761e-06
0.0004121,0.0002045305,3.874934e-06,3.887211e-06,5.488672231321251e-06
0.00041687,0.0002068963,3.920208e-06,3.932252e-06,5.552534246158956e-06
0.0004217,0.0002092895,3.966027e-06,3.977816e-06,5.617151439527423e-06
0.00042658,0.0002117103,4.012397e-06,4.023908e-06,5.682531590591732e-06
0.00043152,0.000214159,4.059326e-06,4.070533e-06,5.748683890975829e-06
0.00043652,0.0002166361,4.10682e-06,4.117699e-06,5.815618244606587e-06
0.00044157,0.0002191417,4.154888e-06,4.165412e-06,5.883345257783874e-06
0.00044668,0.0002216763,4.203537e-06,4.213677e-06,5.951873416891357e-06
0.00045186,0.0002242402,4.252775e-06,4.262502e-06,6.021214038765687e-06
0.00045709,0.0002268337,4.302609e-06,4.311892e-06,6.091375610364624e-06
0.00046238,0.0002294572,4.353048e-06,4.361855e-06,6.1623701553321995e-06
0.00046774,0.000232111,4.4041e-06,4.412396e-06,6.234206867823364e-06
0.00047315,0.0002347954,4.455772e-06,4.463524e-06,6.306897067065547e-06
0.00047863,0.0002375108,4.508074e-06,4.515243e-06,6.380450653247386e-06
0.00048417,0.0002402576,4.561014e-06,4.567562e-06,6.454879652792917e-06
0.00048978,0.0002430362,4.6146e-06,4.620487e-06,6.530193969337282e-06
0.00049545,0.0002458468,4.668841e-06,4.674026e-06,6.606405628778557e-06
0.00050119,0.0002486899,4.723747e-06,4.728184e-06,6.683525241806527e-06
0.00050699,0.0002515658,4.779326e-06,4.782971e-06,6.761565543653111e-06
0.00051286,0.0002544749,4.835587e-06,4.838392e-06,6.840536439507723e-06
0.0005188,0.0002574176,4.892541e-06,4.894455e-06,6.920451371385106e-06
0.00052481,0.0002603943,4.950197e-06,4.951168e-06,7.001322368169673e-06
0.00053088,0.0002634054,5.008563e-06,5.008538e-06,7.083160044952606e-06
0.00053703,0.0002664513,5.067652e-06,5.066573e-06,7.165979260187194e-06
0.00054325,0.0002695323,5.127471e-06,5.12528e-06,7.249789923455783e-06
0.00054954,0.0002726489,5.188033e-06,5.184668e-06,7.334607602272462e-06
0.0005559,0.0002758015,5.249347e-06,5.244743e-06,7.420442915517779e-06
0.00056234,0.0002789905,5.311424e-06,5.305515e-06,7.507310725086647e-06
0.00056885,0.0002822163,5.374275e-06,5.366991e-06,7.595223773510956e-06
0.00057544,0.0002854794,5.43791e-06,5.429179e-06,7.684194803760574e-06
0.0005821,0.0002887801,5.502342e-06,5.492088e-06,7.774239389464927e-06
0.00058884,0.0002921189,5.567582e-06,5.555726e-06,7.86537098386338e-06
0.00059566,0.0002954963,5.633641e-06,5.620101e-06,7.957603041562328e-06
0.00060256,0.0002989126,5.700531e-06,5.685222e-06,8.050950432790218e-06
0.00060954,0.0003023684,5.768265e-06,5.751098e-06,8.145428737385713e-06
0.0006166,0.0003058641,5.836855e-06,5.817737e-06,8.241052122890256e-06
0.00062373,0.0003094002,5.906313e-06,5.885148e-06,8.337835464667854e-06
0.00063096,0.000312977,5.976652e-06,5.95334e-06,8.435794348175161e-06
0.00063826,0.0003165951,6.047886e-06,6.022322e-06,8.53494506957602e-06
0.00064565,0.000320255,6.120027e-06,6.092104e-06,8.635303215726996e-06
0.00065313,0.0003239572,6.19309e-06,6.162694e-06,8.736885090564944e-06
0.00066069,0.000327702,6.267088e-06,6.234103e-06,8.839707699599179e-06
0.00066834,0.0003314901,6.342035e-06,6.306338e-06,8.9437859383747e-06
0.00067608,0.0003353218,6.417946e-06,6.379411e-06,9.049138940575341e-06
0.00068391,0.0003391978,6.494836e-06,6.45333e-06,9.15578302253805e-06
0.00069183,0.0003431185,6.572719e-06,6.528106e-06,9.26373590945883e-06
0.00069984,0.0003470845,6.651611e-06,6.603748e-06,9.373015338877078e-06
0.00070795,0.0003510962,6.731528e-06,6.680267e-06,9.48364046166202e-06
0.00071614,0.0003551542,6.812485e-06,6.757673e-06,9.595629017951558e-06
0.00072444,0.000359259,6.894498e-06,6.835975e-06,9.708998757473863e-06
0.00073282,0.0003634112,6.977585e-06,6.915184e-06,9.823770263299167e-06
0.00074131,0.0003676112,7.061762e-06,6.995312e-06,9.939963406471272e-06
0.00074989,0.0003718597,7.147046e-06,7.076368e-06,1.0057596661108457e-05
0.00075858,0.0003761572,7.233456e-06,7.158363e-06,1.0176691335778294e-05
0.00076736,0.0003805043,7.321008e-06,7.241308e-06,1.0297266612403895e-05
0.00077625,0.0003849015,7.409723e-06,7.325214e-06,1.0419345232908113e-05
0.00078524,0.0003893495,7.499617e-06,7.410093e-06,1.0542947093452475e-05
0.00079433,0.0003938487,7.590711e-06,7.495955e-06,1.0668094246281572e-05
0.00080353,0.0003983998,7.683024e-06,7.582812e-06,1.0794808734383393e-05
0.00081283,0.0004030034,7.776577e-06,7.670675e-06,1.0923113328742587e-05
0.00082224,0.0004076601,7.871389e-06,7.759557e-06,1.1053030789135168e-05
0.00083176,0.0004123704,7.967481e-06,7.849468e-06,1.1184583200476673e-05
0.0008414,0.0004171351,8.064875e-06,7.940421e-06,1.1317795475394755e-05
0.00085114,0.0004219547,8.163592e-06,8.032428e-06,1.1452691121201514e-05
0.00086099,0.0004268299,8.263656e-06,8.125501e-06,1.1589295793418037e-05
0.00087096,0.0004317613,8.365088e-06,8.219653e-06,1.1727633720753431e-05
0.00088105,0.0004367495,8.467912e-06,8.314895e-06,1.1867729879836708e-05
0.00089125,0.0004417952,8.572151e-06,8.411242e-06,1.2009611348805797e-05
0.00090157,0.0004468991,8.67783e-06,8.508704e-06,1.2153303142294938e-05
0.00091201,0.0004520618,8.784975e-06,8.607296e-06,1.2298834505035061e-05
0.00092257,0.000457284,8.893609e-06,8.70703e-06,1.2446230452059814e-05
0.00093325,0.0004625664,9.00376e-06,8.80792e-06,1.2595520984222924e-05
0.00094406,0.0004679096,9.115453e-06,8.909979e-06,1.274673327467277e-05
0.00095499,0.0004733144,9.228716e-06,9.01322e-06,1.2899896657611488e-05
0.00096605,0.0004787816,9.343577e-06,9.117658e-06,1.3055041882732242e-05
0.00097724,0.0004843116,9.460064e-06,9.223306e-06,1.3212198320254355e-05
0.00098855,0.0004899055,9.578206e-06,9.330178e-06,1.3371396774089085e-05
0.001,0.0004955637,9.698032e-06,9.438803e-06,1.3533027257263359e-05
0.0010116,0.0005012871,9.819574e-06,9.546942e-06,1.3695551653469092e-05
0.0010233,0.0005070765,9.942863e-06,9.658852e-06,1.386196041671859e-05
0.0010351,0.0005129326,1.006793e-05,9.774407e-06,1.4032186097916068e-05
0.0010471,0.0005188561,1.019481e-05,9.893492e-06,1.420617242223126e-05
0.0010593,0.0005248478,1.032353e-05,1.0016e-05,1.4383863446963755e-05
0.0010715,0.0005309085,1.045413e-05,1.014183e-05,1.4565217121821426e-05
0.0010839,0.000537039,1.058664e-05,1.02709e-05,1.4750197737644063e-05
0.0010965,0.0005432401,1.07211e-05,1.040311e-05,1.493876443626112e-05
0.0011092,0.0005495126,1.085755e-05,1.053839e-05,1.5130897388938967e-05
0.001122,0.0005558574,1.099601e-05,1.067667e-05,1.532656250465185e-05
0.001135,0.0005622751,1.113654e-05,1.081788e-05,1.5525754437900916e-05
0.0011482,0.0005687668,1.127917e-05,1.096197e-05,1.572846026061674e-05
0.0011614,0.0005753332,1.142394e-05,1.110888e-05,1.5934667237755546e-05
0.0011749,0.0005819751,1.157089e-05,1.125857e-05,1.614437653912346e-05
0.0011885,0.0005886935,1.172007e-05,1.141099e-05,1.635758947965745e-05
0.0012023,0.0005954893,1.187151e-05,1.156611e-05,1.6574306930071014e-05
0.0012162,0.0006023632,1.202526e-05,1.172389e-05,1.679453705225899e-05
0.0012303,0.0006093162,1.218136e-05,1.188433e-05,1.7018308699706326e-05
0.0012445,0.0006163493,1.233987e-05,1.204739e-05,1.7245637054890145e-05
0.0012589,0.0006234632,1.250083e-05,1.221306e-05,1.7476543858912722e-05
0.0012735,0.000630659,1.266428e-05,1.238134e-05,1.7711057792068776e-05
0.0012882,0.0006379376,1.283028e-05,1.255222e-05,1.794921479638594e-05
0.0013032,0.0006452999,1.299887e-05,1.27257e-05,1.8191043449096042e-05
0.0013183,0.0006527469,1.317012e-05,1.290179e-05,1.8436600717553657e-05
0.0013335,0.0006602795,1.334407e-05,1.308049e-05,1.868591509145324e-05
0.001349,0.0006678988,1.352077e-05,1.326184e-05,1.8939050176249602e-05
0.0013646,0.0006756057,1.370029e-05,1.344584e-05,1.9196055828989974e-05
0.0013804,0.0006834012,1.388268e-05,1.363253e-05,1.94569956104045e-05
0.0013964,0.0006912863,1.406799e-05,1.382193e-05,1.972191906395014e-05
0.0014125,0.0006992621,1.42563e-05,1.401408e-05,1.9990911133222516e-05
0.0014289,0.0007073296,1.444765e-05,1.420901e-05,2.0264021212548117e-05
0.0014454,0.0007154898,1.464211e-05,1.440678e-05,2.0541341125167558e-05
0.0014622,0.0007237438,1.483976e-05,1.460744e-05,2.082296281058966e-05
0.0014791,0.0007320927,1.504064e-05,1.481102e-05,2.110893566833724e-05
0.0014962,0.0007405375,1.524483e-05,1.50176e-05,2.1399372689144417e-05
0.0015136,0.0007490794,1.54524e-05,1.522723e-05,2.1694358696050455e-05
0.0015311,0.0007577193,1.566343e-05,1.543997e-05,2.1993992656309586e-05
0.0015488,0.0007664586,1.587797e-05,1.565591e-05,2.229837324221209e-05
0.0015668,0.0007752983,1.609611e-05,1.587511e-05,2.2607606566025518e-05
0.0015849,0.0007842395,1.631792e-05,1.609764e-05,2.292179152457329e-05
0.0016032,0.0007932834,1.654348e-05,1.63236e-05,2.324105521421951e-05
0.0016218,0.0008024311,1.677287e-05,1.655306e-05,2.356550367381313e-05
0.0016406,0.0008116839,1.700617e-05,1.678612e-05,2.389526402288328e-05
0.0016596,0.000821043,1.724346e-05,1.702287e-05,2.4230456368143376e-05
0.0016788,0.0008305095,1.748483e-05,1.72634e-05,2.4571207941183927e-05
0.0016982,0.0008400847,1.773037e-05,1.750782e-05,2.4917660032380647e-05
0.0017179,0.0008497698,1.798017e-05,1.775622e-05,2.526993988748885e-05
0.0017378,0.0008595661,1.823431e-05,1.800873e-05,2.562819574977919e-05
0.0017579,0.0008694748,1.849289e-05,1.826544e-05,2.599256199272592e-05
0.0017783,0.0008794973,1.875601e-05,1.852648e-05,2.6363201101355276e-05
0.0017989,0.0008896347,1.902377e-05,1.879196e-05,2.6740261510585493e-05
0.0018197,0.0008998884,1.929626e-05,1.9062e-05,2.712389157159422e-05
0.0018408,0.0009102598,1.95736e-05,1.933673e-05,2.751426800866961e-05
0.0018621,0.0009207502,1.985587e-05,1.961628e-05,2.791153909219805e-05
0.0018836,0.0009313609,2.01432e-05,1.990078e-05,2.831588866428882e-05
0.0019055,0.0009420932,2.043569e-05,2.019036e-05,2.8727479226442754e-05
0.0019275,0.0009529487,2.073346e-05,2.048516e-05,2.914649453703138e-05
0.0019498,0.0009639286,2.103662e-05,2.078532e-05,2.9573111241917038e-05
0.0019724,0.0009750344,2.134529e-05,2.109099e-05,3.0007520130197365e-05
0.0019953,0.0009862675,2.165958e-05,2.140232e-05,3.0449904879306277e-05
0.0020184,0.0009976294,2.197963e-05,2.171946e-05,3.090047050820586e-05
0.0020417,0.001009121,2.230557e-05,2.204255e-05,3.1359407895038454e-05
0.0020654,0.001020745,2.263751e-05,2.237177e-05,3.182692181052073e-05
0.0020893,0.001032502,2.297559e-05,2.270727e-05,3.230321728096135e-05
0.0021135,0.001044394,2.331995e-05,2.30492e-05,3.278849933501837e-05
0.002138,0.001056422,2.367073e-05,2.339776e-05,3.328300815356839e-05
0.0021627,0.001068588,2.402807e-05,2.375309e-05,3.378694174489606e-05
0.0021878,0.001080893,2.439211e-05,2.411538e-05,3.4300533272771434e-05
0.0022131,0.001093338,2.476301e-05,2.448479e-05,3.4824009039801836e-05
0.0022387,0.001105927,2.51409e-05,2.486153e-05,3.535760917752924e-05
0.0022646,0.001118659,2.552596e-05,2.524575e-05,3.590156719398333e-05
0.0022909,0.001131538,2.591833e-05,2.563766e-05,3.645613035230838e-05
0.0023174,0.001144563,2.631818e-05,2.603744e-05,3.702154616255242e-05
0.0023442,0.001157738,2.672568e-05,2.644528e-05,3.759806917570103e-05
0.0023714,0.001171064,2.714099e-05,2.686138e-05,3.818595387946332e-05
0.0023988,0.001184542,2.756429e-05,2.728594e-05,3.878546899146251e-05
0.0024266,0.001198174,2.799575e-05,2.771916e-05,3.939687613463915e-05
0.0024547,0.001211962,2.843556e-05,2.816125e-05,4.002045819422986e-05
0.0024831,0.001225908,2.88839e-05,2.861242e-05,4.0656490963515284e-05
0.0025119,0.001240013,2.934096e-05,2.907288e-05,4.1305257355644206e-05
0.002541,0.00125428,2.980693e-05,2.954284e-05,4.1967040297005695e-05
0.0025704,0.001268709,3.028201e-05,3.002254e-05,4.264215095057589e-05
0.0026002,0.001283304,3.07664e-05,3.051218e-05,4.333087233500382e-05
0.0026303,0.001298065,3.126031e-05,3.101199e-05,4.403351570174927e-05
0.0026607,0.001312995,3.176395e-05,3.152221e-05,4.4750399360079454e-05
0.0026915,0.001328096,3.227753e-05,3.204307e-05,4.548183459278881e-05
0.0027227,0.001343369,3.280127e-05,3.257481e-05,4.622814683879292e-05
0.0027542,0.001358816,3.333539e-05,3.311766e-05,4.6989654503174416e-05
0.0027861,0.00137444,3.388013e-05,3.367188e-05,4.776671133280268e-05
0.0028184,0.001390243,3.443572e-05,3.42377e-05,4.855964284473682e-05
0.002851,0.001406225,3.50024e-05,3.481539e-05,4.936880985614399e-05
0.002884,0.001422391,3.558041e-05,3.540519e-05,5.019455204207126e-05
0.0029174,0.00143874,3.617e-05,3.600737e-05,5.103723733037379e-05
0.0029512,0.001455276,3.677142e-05,3.662219e-05,5.1897226604246396e-05
0.0029854,0.001472001,3.738493e-05,3.724991e-05,5.2774887836100604e-05
0.00302,0.001488917,3.801081e-05,3.789081e-05,5.367061728089402e-05
0.0030549,0.001506026,3.864931e-05,3.854517e-05,5.4584789949261506e-05
0.0030903,0.001523329,3.930072e-05,3.921326e-05,5.551780212099539e-05
0.0031261,0.00154083,3.996531e-05,3.989536e-05,5.6470042969044216e-05
0.0031623,0.001558531,4.064338e-05,4.059177e-05,5.74419370282488e-05
0.0031989,0.001576433,4.133521e-05,4.130277e-05,5.843388054388481e-05
0.0032359,0.001594539,4.204111e-05,4.202866e-05,5.9446305111652645e-05
0.0032734,0.001612852,4.276137e-05,4.276973e-05,6.047962110124203e-05
0.0033113,0.001631373,4.349632e-05,4.352631e-05,6.153429544374827e-05
0.0033497,0.001650105,4.424627e-05,4.429868e-05,6.261074555262299e-05
0.0033884,0.00166905,4.501154e-05,4.508717e-05,6.370943126241592e-05
0.0034277,0.001688211,4.579247e-05,4.58921e-05,6.483081945426034e-05
0.0034674,0.00170759,4.658938e-05,4.671378e-05,6.597535578284363e-05
0.0035075,0.00172719,4.740263e-05,4.755254e-05,6.714352829103115e-05
0.0035481,0.001747013,4.823257e-05,4.840872e-05,6.833582501765307e-05
0.0035892,0.001767061,4.907954e-05,4.928265e-05,6.955271984354098e-05
0.0036308,0.001787337,4.994392e-05,5.017467e-05,7.079472194009451e-05
0.0036728,0.001807844,5.082608e-05,5.108513e-05,7.206234047880558e-05
0.0037154,0.001828584,5.17264e-05,5.201439e-05,7.335609875144737e-05
0.0037584,0.00184956,5.264526e-05,5.296279e-05,7.46765058438844e-05
0.0038019,0.001870774,5.358305e-05,5.39307e-05,7.602409913831601e-05
0.0038459,0.001892229,5.454018e-05,5.491849e-05,7.739943009035983e-05
0.0038905,0.001913928,5.551706e-05,5.592652e-05,7.88030430272461e-05
0.0039355,0.001935874,5.65141e-05,5.695518e-05,8.023550353579393e-05
0.0039811,0.001958068,5.753173e-05,5.800486e-05,8.169739127054487e-05
0.0040272,0.001980515,5.857037e-05,5.907593e-05,8.318926461570507e-05
0.0040738,0.002003216,5.963048e-05,6.01688e-05,8.471173849278741e-05
0.004121,0.002026175,6.071249e-05,6.128387e-05,8.626539957698566e-05
0.0041687,0.002049395,6.181688e-05,6.242155e-05,8.785087681598232e-05
0.004217,0.002072878,6.294409e-05,6.358224e-05,8.946876387514081e-05
0.0042658,0.002096627,6.409461e-05,6.476637e-05,9.111971089741779e-05
0.0043152,0.002120645,6.526893e-05,6.597436e-05,9.280436089298013e-05
0.0043652,0.002144936,6.646753e-05,6.720665e-05,9.45233640351601e-05
0.0044157,0.002169502,6.769091e-05,6.846368e-05,9.62773845499061e-05
0.0044668,0.002194346,6.89396e-05,6.974589e-05,9.806710773777363e-05
0.0045186,0.002219472,7.021409e-05,7.105373e-05,9.989319787373412e-05
0.0045709,0.002244882,7.151494e-05,7.238768e-05,0.0001017563897698125
0.0046238,0.00227058,7.284267e-05,7.374819e-05,0.00010365736877330526
0.0046774,0.002296569,7.419783e-05,7.513574e-05,0.00010559686265252629
0.0047315,0.002322852,7.558099e-05,7.655081e-05,0.0001075756132264009
0.0047863,0.002349432,7.699271e-05,7.79939e-05,0.00010959436951939685
0.0048417,0.002376313,7.843357e-05,7.946551e-05,0.00011165389461413784
0.0048978,0.002403498,7.990416e-05,8.096613e-05,0.00011375495150753878
0.0049545,0.002430991,8.140508e-05,8.24963e-05,0.00011589834581863712
0.0050119,0.002458794,8.293694e-05,8.405652e-05,0.00011808486173542315
0.0050699,0.002486911,8.450037e-05,8.564735e-05,0.00012031534021960542
0.0051286,0.002515345,8.609598e-05,8.726931e-05,0.0001225905797361139
0.005188,0.002544101,8.772443e-05,8.892296e-05,0.00012491144236612792
0.0052481,0.002573182,8.938638e-05,9.060886e-05,0.0001272787902205391
0.0053088,0.00260259,9.108247e-05,9.232758e-05,0.000129693478517454
0.0053703,0.002632331,9.28134e-05,9.40797e-05,0.0001321564117689717
0.0054325,0.002662407,9.457985e-05,9.586582e-05,0.00013466849472053549
0.0054954,0.002692822,9.638252e-05,9.768653e-05,0.00013723063908978672
0.005559,0.00272358,9.822212e-05,9.954245e-05,0.00013984378502206275
0.0056234,0.002754685,0.0001000994,0.0001014342,0.0001425089008097389
0.0056885,0.00278614,0.000102015,0.0001033624,0.0001452268775356683
0.0057544,0.00281795,0.0001039698,0.0001053277,0.00014799879627662516
0.005821,0.002850118,0.0001059645,0.0001073308,0.00015082564731798767
0.0058884,0.002882648,0.0001079999,0.0001093724,0.000153708491248109
0.0059566,0.002915544,0.0001100767,0.000111453,0.00015664817615245317
0.0060256,0.00294881,0.0001121957,0.0001135735,0.0001596459050547179
0.0060954,0.00298245,0.0001143579,0.0001157345,0.0001627028081584949
0.006166,0.003016469,0.0001165639,0.0001179367,0.00016581980578356736
0.0062373,0.00305087,0.0001188147,0.0001201809,0.00016899817058447703
0.0063096,0.003085657,0.000121111,0.0001224678,0.0001722388932786088
0.0063826,0.003120836,0.0001234538,0.0001247982,0.0001755432466877607
0.0064565,0.003156409,0.0001258439,0.0001271729,0.00017891236307650737
0.0065313,0.003192382,0.0001282823,0.0001295927,0.00018234751543846165
0.0066069,0.003228758,0.0001307697,0.0001320583,0.00018584969474545821
0.0066834,0.003265542,0.0001333072,0.0001345706,0.0001894203155846806
0.0067608,0.003302739,0.0001358957,0.0001371304,0.00019306058086168186
0.0068391,0.003340353,0.0001385361,0.0001397386,0.00019677176457299456
0.0069183,0.003378389,0.0001412294,0.000142396,0.0002005551401494362
0.0069984,0.00341685,0.0001439766,0.0001451036,0.00020441212312512192
0.0070795,0.003455743,0.0001467786,0.0001478622,0.00020834391665417064
0.0071614,0.003495071,0.0001496365,0.0001506728,0.00021235200680024194
0.0072444,0.003534839,0.0001525512,0.0001535363,0.00021643766779174553
0.0073282,0.003575051,0.0001555239,0.0001564537,0.00022060245627576316
0.0074131,0.003615714,0.0001585556,0.0001594259,0.00022484771709352532
0.0074989,0.003656831,0.0001616473,0.0001624539,0.00022917486603574137
0.0075858,0.003698408,0.0001648001,0.0001655388,0.00023358546030403945
0.0076736,0.003740449,0.0001680152,0.0001686816,0.0002380810568054502
0.0077625,0.003782959,0.0001712936,0.0001718834,0.00024266314222914036
0.0078524,0.003825944,0.0001746364,0.0001751451,0.00024733313214967784
0.0079433,0.003869409,0.0001780449,0.000178468,0.0002520928666979889
0.0080353,0.003913358,0.0001815201,0.0001818531,0.0002569437617137649
0.0081283,0.003957798,0.0001850632,0.0001853016,0.0002618875158475486
0.0082224,0.004002733,0.0001886755,0.0001888147,0.00026692589839942473
0.0083176,0.004048168,0.0001923582,0.0001923934,0.00027206046657094444
0.008414,0.004094109,0.0001961124,0.0001960391,0.0002772929897465315
0.0085114,0.004140562,0.0001999393,0.000199753,0.00028262516641921684
0.0086099,0.004187532,0.0002038404,0.0002035362,0.00028805883666813625
0.0087096,0.004235024,0.0002078168,0.0002073902,0.00029359584026051867
0.0088105,0.004283044,0.0002118698,0.0002113161,0.0002992378757297445
0.0089125,0.004331597,0.0002160007,0.0002153154,0.0003049869241092968
0.0090157,0.00438069,0.0002202108,0.0002193893,0.0003108447544854666
0.0091201,0.004430329,0.0002245015,0.0002235392,0.0003168133479493722
0.0092257,0.004480518,0.0002288742,0.0002277666,0.000322894756075722
0.0093325,0.004531264,0.0002333301,0.0002320728,0.00032909074746314274
0.0094406,0.004582572,0.0002378707,0.0002364593,0.00033540344433976823
0.0095499,0.00463445,0.0002424974,0.0002409276,0.00034183489793834684
0.0096605,0.004686902,0.0002472115,0.0002454792,0.00034838708840152213
0.0097724,0.004739935,0.0002520146,0.0002501156,0.00035506220860085914
0.0098855,0.004793555,0.000256908,0.0002548383,0.0003618622384428776
0.01,0.004847768,0.0002618933,0.000259649,0.0003687895114911621
0.010116,0.004902581,0.0002669719,0.0002645492,0.00037584607834890337
0.010233,0.004958,0.0002721452,0.0002695406,0.00038303413024350715
0.010351,0.005014031,0.0002774149,0.0002746249,0.0003903560713528355
0.010471,0.005070681,0.0002827824,0.0002798037,0.0003978140222308032
0.010593,0.005127956,0.0002882493,0.0002850787,0.00040541031578412014
0.010715,0.005185863,0.0002938172,0.0002904518,0.00041314742542956744
0.010839,0.005244408,0.0002994875,0.0002959246,0.0004210274712431601
0.010965,0.005303599,0.0003052619,0.000301499,0.000429052997417114
0.011092,0.005363442,0.000311142,0.0003071767,0.00043722633633724536
0.01122,0.005423944,0.0003171293,0.0003129597,0.0004455499598727173
0.01135,0.005485111,0.0003232256,0.0003188499,0.0004540264829559725
0.011482,0.005546952,0.0003294325,0.0003248491,0.0004626583078547926
0.011614,0.005609472,0.0003357516,0.0003309593,0.0004714479771502366
0.011749,0.00567268,0.0003421846,0.0003371824,0.00048039803428711074
0.011885,0.005736581,0.0003487331,0.0003435204,0.0004895110215835493
0.012023,0.005801184,0.0003553989,0.0003499754,0.0004987896938854792
0.012162,0.005866496,0.0003621837,0.0003565495,0.0005082367346974636
0.012303,0.005932523,0.0003690891,0.0003632445,0.0005178545457163237
0.012445,0.005999275,0.000376117,0.0003700628,0.0005276461632882779
0.012589,0.006066757,0.000383269,0.0003770063,0.0005376140591546039
0.012735,0.006134979,0.000390547,0.0003840773,0.0005477611994147541
0.012882,0.006203946,0.0003979526,0.0003912779,0.0005580901960034507
0.013032,0.006273668,0.0004054876,0.0003986103,0.0005686038735533288
0.013183,0.006344152,0.0004131539,0.0004060767,0.0005793051280353904
0.013335,0.006415405,0.0004209532,0.0004136795,0.0005901968530164236
0.01349,0.006487437,0.0004288874,0.0004214207,0.0006012818043706711
0.013646,0.006560254,0.0004369581,0.0004293028,0.0006125628745226485
0.013804,0.006633865,0.0004451673,0.0004373281,0.0006240431011067264
0.013964,0.006708279,0.0004535168,0.0004454988,0.0006357253091419909
0.014125,0.006783502,0.0004620084,0.0004538174,0.0006476125340149926
0.014289,0.006859545,0.0004706439,0.0004622862,0.000659707671107173
0.014454,0.006936414,0.0004794252,0.0004709075,0.0006720136873243655
0.014622,0.007014119,0.0004883541,0.0004796839,0.0006845336886567527
0.014791,0.007092669,0.0004974325,0.0004886176,0.0006972705723648532
0.014962,0.007172071,0.0005066623,0.0004977112,0.0007102275162556925
0.015136,0.007252335,0.0005160451,0.0005069671,0.0007234073442510934
0.015311,0.007333469,0.0005255831,0.0005163877,0.0007368133085910568
0.015488,0.007415482,0.0005352779,0.0005259756,0.0007504483739896903
0.015668,0.007498384,0.0005451315,0.0005357331,0.0007643155805868803
0.015849,0.007582183,0.0005551456,0.0005456629,0.0007784180352713894
0.016032,0.007666888,0.0005653223,0.0005557673,0.0007927588502354169
0.016218,0.007752509,0.0005756632,0.0005660489,0.0008073409917906126
0.016406,0.007839055,0.0005861703,0.0005765101,0.0008221675717298147
0.016596,0.007926534,0.0005968455,0.0005871536,0.0008372418413237658
0.016788,0.008014958,0.0006076904,0.0005979817,0.0008525665579806951
0.016982,0.008104335,0.000618707,0.000608997,0.0008681449751383694
0.017179,0.008194675,0.0006298972,0.0006202019,0.0008839801351452701
0.017378,0.008285987,0.0006412626,0.000631599,0.0009000750074075826
0.017579,0.008378281,0.0006528052,0.0006431907,0.0009164327065930865
0.017783,0.008471568,0.0006645266,0.0006549794,0.0009330560629093624
0.017989,0.008565857,0.0006764288,0.0006669677,0.0009499483324437861
0.018197,0.008661158,0.0006885134,0.000679158,0.0009671123465986566
0.018408,0.008757482,0.0007007823,0.0006915526,0.000984551080726668
0.018621,0.008854838,0.0007132371,0.000704154,0.0010022674376295032
0.018836,0.008953237,0.0007258796,0.0007169646,0.0010202643928655553
0.019055,0.00905269,0.0007387114,0.0007299866,0.0010385446397095889
0.019275,0.009153206,0.0007517343,0.0007432224,0.0010571111548263266
0.019498,0.009254797,0.00076495,0.0007566743,0.0010759667740132546
0.019724,0.009357473,0.00077836,0.0007703445,0.001095114121121744
0.019953,0.009461245,0.000791966,0.0007842352,0.001114555962738094
0.020184,0.009566123,0.0008057695,0.0007983486,0.0011342949238413306
0.020417,0.009672119,0.0008197722,0.0008126868,0.001154333701659568
0.020654,0.009779244,0.0008339755,0.0008272518,0.0011746747103787882
0.020893,0.009887509,0.000848381,0.0008420457,0.0011953205771045232
0.021135,0.009996925,0.0008629901,0.0008570705,0.001216273717001342
0.02138,0.0101075,0.0008778043,0.000872328,0.0012375364756977833
0.021627,0.01021926,0.000892825,0.0008878201,0.0012591111986592011
0.021878,0.01033219,0.0009080535,0.0009035485,0.0012810000197948867
0.022131,0.01044633,0.0009234911,0.000919515,0.0013032051438680748
0.022387,0.01056167,0.0009391392,0.0009357212,0.0013257287056958826
0.022646,0.01067824,0.0009549989,0.0009521686,0.0013485725571237056
0.022909,0.01079603,0.0009710715,0.0009688588,0.001371738762465248
0.023174,0.01091507,0.0009873582,0.000985793,0.0013952290327957774
0.023442,0.01103537,0.00100386,0.001002973,0.0014190453616178026
0.023714,0.01115694,0.001020578,0.001020399,0.0014431886824961592
0.023988,0.01127979,0.001037513,0.001038073,0.0014676609889541932
0.024266,0.01140393,0.001054666,0.001055995,0.0014924630017461068
0.024547,0.01152938,0.001072039,0.001074168,0.001517598270210203
0.024831,0.01165614,0.001089631,0.00109259,0.0015430646857021257
0.025119,0.01178424,0.001107444,0.001111264,0.0015688657975849942
0.02541,0.01191368,0.001125478,0.001130189,0.001595000910408831
0.025704,0.01204448,0.001143734,0.001149366,0.0016214714504770042
0.026002,0.01217665,0.001162213,0.001168796,0.0016482788438201227
0.026303,0.0123102,0.001180914,0.001188478,0.0016754216877789305
0.026607,0.01244515,0.00119984,0.001208413,0.0017029028170065961
0.026915,0.01258151,0.001218989,0.0012286,0.0017307201224117665
0.027227,0.01271929,0.001238362,0.00124904,0.00175887502814839
0.027542,0.01285851,0.00125796,0.001269731,0.001787366826916344
0.027861,0.01299918,0.001277782,0.001290674,0.0018161955329203956
0.028184,0.01314132,0.001297829,0.001311867,0.0018453604360476573
0.02851,0.01328493,0.0013181,0.00133331,0.001874860839129134
0.02884,0.01343004,0.001338596,0.001355002,0.001904696739961509
0.029174,0.01357665,0.001359316,0.001376941,0.001934866017412317
0.029512,0.01372478,0.001380261,0.001399127,0.001965369377559852
0.029854,0.01387445,0.001401428,0.001421557,0.001996202580760029
0.0302,0.01402566,0.001422819,0.001444231,0.0020273670334012045
0.030549,0.01417844,0.001444432,0.001467145,0.002058858483152497
0.030903,0.0143328,0.001466267,0.001490299,0.002090676929774182
0.031261,0.01448875,0.001488323,0.00151369,0.002122819532703852
0.031623,0.01464631,0.001510599,0.001537315,0.0021552834495782683
0.031989,0.0148055,0.001533095,0.001561172,0.002188067250476776
0.032359,0.01496632,0.001555808,0.001585258,0.0022211666887984793
0.032734,0.01512879,0.001578739,0.00160957,0.002254580319044101
0.033113,0.01529294,0.001601884,0.001634105,0.002288303192429054
0.033497,0.01545877,0.001625244,0.001658859,0.002322333146087572
0.033884,0.0156263,0.001648817,0.001683829,0.0023566666291034884
0.034277,0.01579554,0.0016726,0.001709011,0.00239129867605889
0.034674,0.01596652,0.001696593,0.001734401,0.002426226419040482
0.035075,0.01613924,0.001720792,0.001759995,0.002461444191382165
0.035481,0.01631373,0.001745197,0.001785789,0.0024969491226955348
0.035892,0.01648999,0.001769804,0.001811777,0.00253273411477498
0.036308,0.01666805,0.001794613,0.001837955,0.002568796294335929
0.036728,0.01684793,0.001819619,0.001864318,0.00260512857845539
0.037154,0.01702963,0.001844821,0.001890861,0.0026417266783984295
0.037584,0.01721318,0.001870216,0.001917579,0.002678584907725906
0.038019,0.01739859,0.001895801,0.001944464,0.002715695431910029
0.038459,0.01758588,0.001921573,0.001971513,0.002753053995746905
0.038905,0.01777506,0.001947529,0.001998719,0.0027906534802447256
0.039355,0.01796616,0.001973666,0.002026075,0.0028284867659547214
0.039811,0.01815919,0.00199998,0.002053575,0.0028665467519342854
0.040272,0.01835417,0.002026468,0.002081212,0.002904826319071073
0.040738,0.01855111,0.002053126,0.002108981,0.0029433190839997284
0.04121,0.01875004,0.002079951,0.002136872,0.002982015779097254
0.041687,0.01895096,0.002106937,0.002164881,0.0030209093442422267
0.04217,0.0191539,0.002134082,0.002192998,0.0030599912108906454
0.042658,0.01935889,0.00216138,0.002221217,0.003099252888276302
0.043152,0.01956592,0.002188828,0.00224953,0.0031386865460705056
0.043652,0.01977503,0.002216421,0.002277929,0.003178282960700951
0.044157,0.01998623,0.002244154,0.002306405,0.0032180321937079807
0.044668,0.02019954,0.002272021,0.002334952,0.003257925761392515
0.045186,0.02041497,0.002300019,0.002363559,0.0032979536908273894
0.045709,0.02063256,0.002328142,0.00239222,0.003338107502847085
0.046238,0.02085231,0.002356384,0.002420924,0.0033783751374339708
0.046774,0.02107424,0.002384741,0.002449664,0.003418748798899533
0.047315,0.02129838,0.002413205,0.00247843,0.003459215754607538
0.047863,0.02152474,0.002441772,0.002507214,0.0034997674982461336
0.048417,0.02175335,0.002470436,0.002536006,0.0035403926988587012
0.048978,0.02198422,0.00249919,0.002564797,0.0035810800475986294
0.049545,0.02221737,0.002528027,0.002593578,0.003621818238787391
0.050119,0.02245282,0.002556943,0.002622339,0.0036625973483540336
0.050699,0.02269059,0.002585929,0.002651071,0.00370340468219205
0.051286,0.0229307,0.00261498,0.002679764,0.003744229626518117
0.05188,0.02317318,0.002644088,0.002708409,0.00378506019278756
0.052481,0.02341804,0.002673246,0.002736995,0.003825883663487561
0.053088,0.0236653,0.002702447,0.002765514,0.0038666894718874184
0.053703,0.02391498,0.002731684,0.002793955,0.0039074649093601595
0.054325,0.02416711,0.002760949,0.002822309,0.003948198003150551
0.054954,0.0244217,0.002790234,0.002850565,0.003988875354530522
0.05559,0.02467878,0.002819533,0.002878715,0.00402948711243925
0.056234,0.02493836,0.002848836,0.002906747,0.004070017773536745
0.056885,0.02520047,0.002878135,0.002934653,0.0041104560949648886
0.057544,0.02546513,0.002907423,0.002962423,0.004150790109347617
0.05821,0.02573237,0.002936692,0.002990046,0.004191006440579637
0.058884,0.02600219,0.002965932,0.003017514,0.004231092455716372
0.059566,0.02627463,0.002995135,0.003044816,0.004271034785866418
0.060256,0.0265497,0.003024293,0.003071943,0.0043108214930681135
0.060954,0.02682744,0.003053396,0.003098885,0.004350438526866113
0.06166,0.02710785,0.003082435,0.003125634,0.004389873965295701
0.062373,0.02739096,0.003111402,0.00315218,0.0044291151664868685
0.063096,0.0276768,0.003140288,0.003178513,0.004468148790507429
0.063826,0.02796539,0.003169082,0.003204625,0.00450696151673708
0.064565,0.02825675,0.003197777,0.003230506,0.004545541415251323
0.065313,0.0285509,0.003226361,0.003256149,0.004583875174186357
0.066069,0.02884787,0.003254826,0.003281543,0.004621949453545008
0.066834,0.02914767,0.003283162,0.003306681,0.004659752348999354
0.067608,0.02945034,0.003311359,0.003331555,0.004697271244553161
0.068391,0.0297559,0.003339408,0.003356155,0.004734492810691447
0.069183,0.03006436,0.003367298,0.003380475,0.004771405143815499
0.069984,0.03037576,0.003395019,0.003404507,0.004807995624312693
0.070795,0.03069011,0.003422562,0.003428242,0.00484425162996391
0.071614,0.03100745,0.003449917,0.003451674,0.0048801619552188025
0.072444,0.03132778,0.003477073,0.003474795,0.0049157132686268425
0.073282,0.03165115,0.00350402,0.003497599,0.004950894356093755
0.074131,0.03197758,0.003530749,0.003520079,0.004985694000562209
0.074989,0.03230707,0.003557248,0.003542228,0.005020098857342154
0.075858,0.03263968,0.003583508,0.00356404,0.0050540984070023805
0.076736,0.03297541,0.003609518,0.00358551,0.005087681412237209
0.077625,0.03331429,0.003635268,0.003606631,0.005120835928047783
0.078524,0.03365635,0.003660748,0.003627398,0.00515355141333702
0.079433,0.03400161,0.003685948,0.003647807,0.005185818023027129
0.080353,0.0343501,0.003710857,0.003667852,0.005217623785628186
0.081283,0.03470184,0.003735466,0.003687529,0.005248959550520179
0.082224,0.03505686,0.003759764,0.003706833,0.005279814033238766
0.083176,0.03541519,0.003783741,0.003725761,0.005310178055790785
0.08414,0.03577685,0.003807387,0.003744309,0.0053400417278566285
0.085114,0.03614186,0.003830692,0.003762473,0.005369395149790431
0.086099,0.03651026,0.003853646,0.00378025,0.005398229112942132
0.087096,0.03688206,0.003876239,0.003797638,0.005426535097478409
0.088105,0.0372573,0.003898462,0.003814635,0.0054543052856132835
0.089125,0.037636,0.003920305,0.003831237,0.005481529735684556
0.090157,0.03801819,0.003941759,0.003847444,0.0055082020067547454
0.091201,0.0384039,0.003962813,0.003863253,0.00553431211759673
0.092257,0.03879315,0.00398346,0.003878664,0.005559855033766259
0.093325,0.03918597,0.004003689,0.003893675,0.00558482144874355
0.094406,0.03958239,0.004023491,0.003908286,0.005609204871002396
0.095499,0.03998243,0.004042859,0.003922497,0.005633000231571982
0.096605,0.04038612,0.004061782,0.003936308,0.005656199579787475
0.097724,0.04079349,0.004080254,0.003949718,0.0056787978467312955
0.098855,0.04120457,0.004098264,0.00396273,0.005700789144197143
0.1,0.04161939,0.004115807,0.003975342,0.00572216840701259
0.10116,0.04203797,0.004132872,0.003987558,0.005742930416760071
0.10233,0.04246034,0.004149454,0.003999378,0.0057630714801223835
0.10351,0.04288653,0.004165544,0.004010804,0.005782586405956421
0.10471,0.04331657,0.004181135,0.004021838,0.00580147143287537
0.10593,0.04375049,0.004196221,0.004032483,0.005819724205332243
0.10715,0.04418831,0.004210795,0.004042742,0.005837341639015914
0.10839,0.04463008,0.00422485,0.004052616,0.005854319257262624
0.10965,0.0450758,0.004238381,0.004062111,0.005870657482555255
0.11092,0.04552552,0.004251382,0.004071228,0.00588635254957669
0.1122,0.04597926,0.004263846,0.004079972,0.005901402734308175
0.1135,0.04643706,0.00427577,0.004088348,0.00591580919756579
0.11482,0.04689894,0.004287149,0.004096358,0.005929569580700188
0.11614,0.04736493,0.004297977,0.004104008,0.005942683565241633
0.11749,0.04783506,0.004308252,0.004111303,0.005955153033576299
0.11885,0.04830937,0.004317969,0.004118247,0.005966977010008502
0.12023,0.04878787,0.004327125,0.004124846,0.005978157348994839
0.12162,0.04927062,0.004335717,0.004131105,0.005988695218919895
0.12303,0.04975762,0.004343742,0.00413703,0.005998592483530116
0.12445,0.05024892,0.0043512,0.004142627,0.006007853185716925
0.12589,0.05074455,0.004358087,0.004147901,0.006016477790648778
0.12735,0.05124453,0.004364402,0.00415286,0.006024471013890266
0.12882,0.0517489,0.004370146,0.004157509,0.00603183696284946
0.13032,0.05225769,0.004375318,0.004161855,0.006038579687488523
0.13183,0.05277092,0.004379917,0.004165905,0.006044703251269991
0.13335,0.05328864,0.004383944,0.004169666,0.006050213181921112
0.1349,0.05381088,0.004387402,0.004173145,0.006055116472920153
0.13646,0.05433766,0.00439029,0.004176349,0.006059417237152514
0.13804,0.05486901,0.004392612,0.004179287,0.006063124607899214
0.13964,0.05540498,0.00439437,0.004181964,0.006066243532384436
0.14125,0.05594559,0.004395567,0.004184389,0.006068782460659634
0.14289,0.05649087,0.004396207,0.00418657,0.006070749900279948
0.14454,0.05704086,0.004396295,0.004188515,0.006072155106076425
0.14622,0.05759559,0.004395834,0.004190232,0.0060730059088872955
0.14791,0.05815509,0.004394831,0.004191728,0.006073312370078209
0.14962,0.0587194,0.004393292,0.004193012,0.006073085231528371
0.15136,0.05928854,0.004391223,0.004194093,0.0060723352615264905
0.15311,0.05986256,0.00438863,0.004194979,0.006071072564822546
0.15488,0.06044148,0.004385523,0.004195677,0.006069309472407714
0.15668,0.06102534,0.00438191,0.004196198,0.006067059658788926
0.15849,0.06161418,0.004377798,0.004196549,0.006064333338315515
0.16032,0.06220802,0.004373198,0.004196738,0.006061144329897449
0.16218,0.0628069,0.004368121,0.004196776,0.006057508552599575
0.16406,0.06341086,0.004362576,0.004196669,0.0060534370444679615
0.16596,0.06401993,0.004356575,0.004196428,0.006048946494209467
0.16788,0.06463414,0.004350131,0.004196061,0.0060440522526598
0.16982,0.06525352,0.004343255,0.004195577,0.00603876894391183
0.17179,0.06587813,0.004335962,0.004194984,0.006033113394069433
0.17378,0.06650798,0.004328266,0.004194292,0.006027103114102163
0.17579,0.06714311,0.00432018,0.004193509,0.006020753521402533
0.17783,0.06778356,0.00431172,0.004192644,0.0060140828951001325
0.17989,0.06842937,0.004302903,0.004191707,0.006007110936320221
0.18197,0.06908056,0.004293743,0.004190705,0.005999853110458122
0.18408,0.06973718,0.00428426,0.004189649,0.005992331974348634
0.18621,0.07039926,0.00427447,0.004188546,0.005984564426507246
0.18836,0.07106684,0.004264391,0.004187406,0.005976570890545598
0.19055,0.07173995,0.004254044,0.004186238,0.005968373224470802
0.19275,0.07241862,0.004243447,0.00418505,0.005959990431561866
0.19498,0.07310291,0.004232621,0.004183851,0.00595144433896865
0.19724,0.07379283,0.004221586,0.00418265,0.005942756042266586
0.19953,0.07448843,0.004210363,0.004181455,0.005933946621667067
0.20184,0.07518975,0.004198976,0.004180276,0.005925040665240366
0.20417,0.07589682,0.004187446,0.004179122,0.005916059896062581
0.20654,0.07660968,0.004175796,0.004178,0.005907026005835424
0.20893,0.07732837,0.00416405,0.004176919,0.005897962761416946
0.21135,0.07805291,0.004152233,0.004175889,0.0058888952976436934
0.2138,0.07878336,0.004140367,0.004174917,0.005879844458110945
0.21627,0.07951975,0.00412848,0.004174012,0.005870836676875282
0.21878,0.08026212,0.004116595,0.004173183,0.005861894808465433
0.22131,0.08101049,0.004104739,0.004172438,0.0058530437485094025
0.22387,0.08176492,0.004092939,0.004171786,0.005844309034224405
0.22646,0.08252544,0.00408122,0.004171234,0.005835713304400414
0.22909,0.08329209,0.00406961,0.004170791,0.005827282652985095
0.23174,0.08406491,0.004058136,0.004170466,0.005819042399884366
0.23442,0.08484393,0.004046825,0.004170267,0.005811017073793021
0.23714,0.08562919,0.004035706,0.004170201,0.005803231797786213
0.23988,0.08642073,0.004024806,0.004170278,0.005795712375102823
0.24266,0.0872186,0.004014152,0.004170504,0.005788481656973614
0.24547,0.08802283,0.004003774,0.004170889,0.005781567373420204
0.24831,0.08883345,0.0039937,0.004171441,0.005774994346878705
0.25119,0.08965051,0.003983957,0.004172167,0.0057687859081212225
0.2541,0.09047405,0.003974573,0.004173075,0.005762966726257753
0.25704,0.09130411,0.003965578,0.004174173,0.005757562774995423
0.26002,0.09214072,0.003956999,0.00417547,0.0057525986134008165
0.26303,0.09298393,0.003948863,0.004176972,0.005748096561606546
0.26607,0.09383378,0.003941198,0.004178689,0.005744082471023984
0.26915,0.09469029,0.003934031,0.004180628,0.005740579272455437
0.27227,0.09555353,0.00392739,0.004182796,0.00573761052962956
0.27542,0.09642352,0.003921301,0.004185202,0.005735199849473861
0.27861,0.0973003,0.003915789,0.004187853,0.005733368664417979
0.28184,0.09818391,0.003910881,0.004190758,0.005732141206453745
0.2851,0.0990744,0.003906602,0.004193923,0.005731538128315382
0.2884,0.09997181,0.003902976,0.004197357,0.005731581582951167
0.29174,0.1008762,0.003900026,0.004201067,0.005732291578344999
0.29512,0.1017875,0.003897777,0.004205061,0.005733690221441162
0.29854,0.1027059,0.003896251,0.004209348,0.0057357983263103835
0.302,0.1036314,0.003895468,0.004213934,0.005738633173097929
0.30549,0.104564,0.003895452,0.004218827,0.005742216256832635
0.30903,0.1055037,0.00389622,0.004224036,0.005746565097316483
0.31261,0.1064506,0.003897793,0.004229567,0.005751697773556779
0.31623,0.1074048,0.003900189,0.00423543,0.005757633326343473
0.31989,0.1083663,0.003903426,0.004241631,0.0057643879187331765
0.32359,0.109335,0.00390752,0.004248179,0.005771978635307047
0.32734,0.1103112,0.003912487,0.004255082,0.005780421900855767
0.33113,0.1112947,0.003918342,0.004262347,0.005789732807079529
0.33497,0.1122856,0.003925098,0.004269982,0.005799925912451641
0.33884,0.1132841,0.003932768,0.004277996,0.00581101659934301
0.34277,0.11429,0.003941364,0.004286396,0.005823018190707633
0.34674,0.1153036,0.003950898,0.004295191,0.005835945573159932
0.35075,0.1163247,0.003961379,0.004304389,0.00584981095805343
0.35481,0.1173535,0.003972816,0.004313997,0.005864625911843398
0.35892,0.1183899,0.003985219,0.004324026,0.005880405711057443
0.36308,0.1194341,0.003998594,0.004334482,0.005897159331844443
0.36728,0.120486,0.004012949,0.004345375,0.005914900131635868
0.37154,0.1215457,0.004028289,0.004356712,0.005933637309312477
0.37584,0.1226133,0.00404462,0.004368503,0.005953383021896794
0.38019,0.1236888,0.004061947,0.004380756,0.005974147350237103
0.38459,0.1247721,0.004080272,0.00439348,0.005995939134479602
0.38905,0.1258635,0.004099601,0.004406685,0.006018770725690255
0.39355,0.1269628,0.004119935,0.004420378,0.006042648928004091
0.39811,0.1280701,0.004141278,0.00443457,0.006067585562493865
0.40272,0.1291856,0.00416363,0.00444927,0.006093588295068842
0.40738,0.1303091,0.004186994,0.004464486,0.006120666140236044
0.4121,0.1314408,0.004211371,0.004480229,0.006148828961036565
0.41687,0.1325807,0.004236761,0.004496509,0.006178085217784067
0.4217,0.1337289,0.004263166,0.004513334,0.006208443294346176
0.42658,0.1348853,0.004290585,0.004530716,0.006239912428462518
0.43152,0.13605,0.004319019,0.004548664,0.0062725010408334735
0.43652,0.137223,0.004348469,0.004567188,0.006306218270192128
0.44157,0.1384044,0.004378933,0.0045863,0.006341072614983131
0.44668,0.1395943,0.004410413,0.00460601,0.006377073854885875
0.45186,0.1407926,0.004442909,0.004626328,0.006414230362706425
0.45709,0.1419993,0.004476419,0.004647266,0.006452550529698856
0.46238,0.1432146,0.004510945,0.004668835,0.006492044751097299
0.46774,0.1444385,0.004546487,0.004691046,0.006532721991274771
0.47315,0.145671,0.004583045,0.004713912,0.006574592596942338
0.47863,0.1469121,0.00462062,0.004737443,0.006617665401230936
0.48417,0.1481618,0.004659211,0.004761653,0.006661950647890601
0.48978,0.1494202,0.00469882,0.004786554,0.006707459175225444
0.49545,0.1506874,0.004739448,0.004812157,0.006754200347735696
0.50119,0.1519634,0.004781095,0.004838477,0.006802185610416258
0.50699,0.1532481,0.004823763,0.004865526,0.006851425598869552
0.51286,0.1545417,0.004867453,0.004893317,0.006901930887056027
0.5188,0.1558441,0.004912167,0.004921865,0.006953714094936173
0.52481,0.1571554,0.004957907,0.004951183,0.0070067863475446425
0.53088,0.1584756,0.005004673,0.004981285,0.0070611579849309426
0.53703,0.1598048,0.005052469,0.005012187,0.007116843508110179
0.54325,0.1611429,0.005101296,0.005043902,0.0071738530975494616
0.54954,0.1624901,0.005151156,0.005076447,0.007232200376105809
0.5559,0.1638463,0.005202052,0.005109836,0.007291897486772563
0.56234,0.1652115,0.005253985,0.005144087,0.007352957870394336
0.56885,0.1665859,0.005306959,0.005179214,0.007415394223200611
0.57544,0.1679693,0.005360974,0.005215234,0.007479218401907514
0.5821,0.1693619,0.005416035,0.005252165,0.007544446454740732
0.58884,0.1707637,0.005472142,0.005290024,0.0076110900657356565
0.59566,0.1721746,0.005529298,0.005328828,0.00767916298996108
0.60256,0.1735948,0.005587504,0.005368596,0.007748678852632363
0.60954,0.1750241,0.005646764,0.005409347,0.007819653357924826
0.6166,0.1764628,0.005707077,0.005451099,0.00789209783211853
0.62373,0.1779107,0.005768447,0.005493872,0.007966028517661294
0.63096,0.1793678,0.005830873,0.005537685,0.008041457274732858
0.63826,0.1808343,0.005894358,0.00558256,0.008118400851507888
0.64565,0.1823102,0.005958901,0.005628517,0.008196871643931606
0.65313,0.1837953,0.006024504,0.005675577,0.008276884844489804
0.66069,0.1852898,0.006091165,0.005723763,0.008358454039916353
0.66834,0.1867937,0.006158886,0.005773096,0.008441594291732574
0.67608,0.188307,0.006227665,0.0058236,0.008526319740205911
0.68391,0.1898297,0.006297501,0.005875297,0.008612643826561621
0.69183,0.1913618,0.006368393,0.005928213,0.008700582668753742
0.69984,0.1929033,0.006440339,0.005982372,0.008790150236560521
0.70795,0.1944542,0.006513337,0.006037798,0.008881360456842916
0.71614,0.1960145,0.006587384,0.006094518,0.00897422852482485
0.72444,0.1975843,0.006662478,0.006152559,0.009068770332794022
0.73282,0.1991636,0.006738614,0.006211946,0.009164998185919733
0.74131,0.2007523,0.006815788,0.006272708,0.009262927815448418
0.74989,0.2023504,0.006893998,0.006334874,0.009362576409294611
0.75858,0.203958,0.006973237,0.006398472,0.00946395679369644
0.76736,0.2055751,0.007053501,0.006463532,0.009567085359294387
0.77625,0.2072016,0.007134785,0.006530085,0.00967197844825194
0.78524,0.2088376,0.007217083,0.006598163,0.009778652361315336
0.79433,0.210483,0.00730039,0.006667796,0.009887122819592968
0.80353,0.2121378,0.007384698,0.006739018,0.00999740607135311
0.81283,0.2138021,0.007470003,0.006811862,0.010109520697196926
0.82224,0.2154758,0.007556298,0.006886364,0.010223485149659092
0.83176,0.2171589,0.007643576,0.006962558,0.010339316610450615
0.8414,0.2188514,0.007731831,0.007040481,0.010457035111537208
0.85114,0.2205534,0.007821057,0.007120169,0.01057666011488551
0.86099,0.2222647,0.007911249,0.00720166,0.010698213285198656
0.87096,0.2239853,0.008002399,0.007284994,0.010821715544923411
0.88105,0.2257153,0.008094503,0.007370211,0.010947190918291778
0.89125,0.2274546,0.008187556,0.007457351,0.011074662847704982
0.90157,0.2292032,0.008281554,0.007546455,0.011204156359224062
0.91201,0.2309611,0.008376493,0.007637568,0.011335699357943162
0.92257,0.2327283,0.008472369,0.007730733,0.011469318601793657
0.93325,0.2345046,0.008569181,0.007825995,0.011605044625109634
0.94406,0.2362902,0.008666929,0.0079234,0.011742909599032134
0.95499,0.2380849,0.008765613,0.008022996,0.011882947280947811
0.96605,0.2398888,0.008865233,0.008124831,0.012025191679256095
0.97724,0.2417018,0.008965795,0.008228955,0.012169682837857772
0.98855,0.2435238,0.009067302,0.008335418,0.012316458857720754
1.0,0.2453548,0.009169762,0.008444273,0.012465563831418659
1.0116,0.2471949,0.009273184,0.008555574,0.012617043550980239
1.0233,0.2490439,0.00937758,0.008669375,0.012770946305854746
1.0351,0.2509018,0.009482962,0.008785732,0.01292732203781077
1.0471,0.2527685,0.009589348,0.008904703,0.013086226751180532
1.0593,0.2546441,0.009696758,0.009026347,0.013247718893265098
1.0715,0.2565284,0.009805213,0.009150725,0.013411859304398999
1.0839,0.2584214,0.009914741,0.009277897,0.013578713556139623
1.0965,0.2603231,0.01002537,0.009407929,0.013748351599589712
1.1092,0.2622334,0.01013714,0.009540884,0.013920850364868375
1.122,0.2641522,0.01025008,0.00967683,0.014096282448053459
1.135,0.2660795,0.01036423,0.009815834,0.01427472803973708
1.1482,0.2680151,0.01047965,0.009957968,0.014456285512244284
1.1614,0.2699592,0.01059639,0.0101033,0.01464104340278042
1.1749,0.2719115,0.0107145,0.01025191,0.014829098721705914
1.1885,0.2738721,0.01083405,0.01040387,0.015020557592160153
1.2023,0.2758407,0.0109551,0.01055925,0.01521551762420523
1.2162,0.2778175,0.01107774,0.01071814,0.015414111994117598
1.2303,0.2798022,0.01120204,0.01088061,0.015616445630606858
1.2445,0.2817949,0.0113281,0.01104676,0.015822665897616623
1.2589,0.2837954,0.011456,0.01121666,0.016032884879384618
1.2735,0.2858036,0.01158586,0.0113904,0.01624725712542274
1.2882,0.2878195,0.01171778,0.01156807,0.01646592273919989
1.3032,0.289843,0.01185189,0.01174977,0.016689050051605692
1.3183,0.2918739,0.01198831,0.01193558,0.016916785941558165
1.3335,0.2939123,0.01212718,0.0121256,0.01714930523701762
1.349,0.2959579,0.01226865,0.01231993,0.017386789468656946
1.3646,0.2980108,0.01241286,0.01251868,0.017629419795387482
1.3804,0.3000707,0.01255999,0.01272194,0.017877390921599828
1.3964,0.3021377,0.01271021,0.01292981,0.018130896968440363
1.4125,0.3042115,0.0128637,0.01314242,0.018390159899968245
1.4289,0.3062922,0.01302066,0.01335987,0.018655393677231794
1.4454,0.3083795,0.01318128,0.01358226,0.018926804514920105
1.4622,0.3104733,0.01334579,0.01380973,0.019204654472210637
1.4791,0.3125737,0.01351441,0.01404238,0.019489169138588232
1.4962,0.3146803,0.01368737,0.01428035,0.01978060903105362
1.5136,0.3167932,0.01386492,0.01452375,0.020079226097359928
1.5311,0.3189122,0.01404731,0.01477271,0.020385285844947084
1.5488,0.3210372,0.01423481,0.01502736,0.02069906674963149
1.5668,0.323168,0.0144277,0.01528785,0.0210208678439426
1.5849,0.3253045,0.01462626,0.01555429,0.021350958268698386
1.6032,0.3274466,0.01483079,0.01582685,0.02168966373521268
1.6218,0.3295942,0.01504159,0.01610565,0.022037272781598904
1.6406,0.331747,0.01525898,0.01639084,0.022394108746409177
1.6596,0.3339051,0.01548327,0.01668259,0.022760502169350307
1.6788,0.3360682,0.01571481,0.01698103,0.023136780960129263
1.6982,0.3382362,0.01595394,0.01728634,0.023523302321723453
1.7179,0.3404089,0.01620099,0.01759866,0.023920386927800727
1.7378,0.3425863,0.01645633,0.01791817,0.024328411646011745
1.7579,0.3447681,0.01672031,0.01824504,0.024747732241514574
1.7783,0.3469542,0.01699331,0.01857943,0.025178717280294485
1.7989,0.3491444,0.0172757,0.01892153,0.025621750682396784
1.8197,0.3513387,0.01756785,0.01927151,0.026077201753688987
1.8408,0.3535368,0.01787014,0.01962956,0.026545461559618812
1.8621,0.3557385,0.01818297,0.01999587,0.02702693499229611
1.8836,0.3579438,0.01850672,0.02037064,0.027522021349602938
1.9055,0.3601524,0.01884178,0.02075406,0.02803111985012372
1.9275,0.3623641,0.01918855,0.02114633,0.028554644518386147
1.9498,0.3645789,0.01954742,0.02154766,0.029093010846799612
1.9724,0.3667965,0.01991877,0.02195826,0.029646628485217336
1.9953,0.3690167,0.02030302,0.02237835,0.030215942312674944
2.0184,0.3712395,0.02070055,0.02280816,0.030801378749791383
2.0417,0.3734645,0.02111176,0.0232479,0.03140336390751156
2.0654,0.3756917,0.02153703,0.0236978,0.03202232636865879
2.0893,0.3779208,0.02197676,0.0241581,0.032658716688008425
2.1135,0.3801516,0.02243134,0.02462905,0.033312987228678544
2.138,0.3823841,0.02290114,0.02511089,0.03398557061300722
2.1627,0.3846179,0.02338655,0.02560387,0.03467692143024522
2.1878,0.3868529,0.02388796,0.02610824,0.03538749537420245
2.2131,0.3890889,0.02440572,0.02662427,0.036117736941166455
2.2387,0.3913257,0.02494023,0.02715223,0.036868125344608996
2.2646,0.3935631,0.02549183,0.02769238,0.03763909280008353
2.2909,0.3958009,0.0260609,0.02824502,0.03843112883601521
2.3174,0.3980389,0.02664779,0.02881041,0.03924467398580603
2.3442,0.400277,0.02725286,0.02938885,0.040080205619508744
2.3714,0.4025148,0.02787647,0.02998064,0.040938201651641956
2.3988,0.4047523,0.02851894,0.03058608,0.04181911319588209
2.4266,0.4069892,0.02918064,0.03120548,0.042723433064771374
2.4547,0.4092252,0.02986188,0.03183914,0.04365160607668405
2.4831,0.4114603,0.03056302,0.03248739,0.0446041332225221
2.5119,0.4136941,0.03128438,0.03315056,0.04558148813167468
2.541,0.4159265,0.03202628,0.03382897,0.04658413702001251
2.5704,0.4181572,0.03278905,0.03452297,0.04761257457356617
2.6002,0.4203861,0.033573,0.03523289,0.0486672668921535
2.6303,0.422613,0.03437845,0.0359591,0.049748715533292916
2.6607,0.4248375,0.03520571,0.03670194,0.05085739293718958
2.6915,0.4270595,0.03605509,0.03746178,0.05199379266486048
2.7227,0.4292788,0.03692689,0.03823899,0.05315840066529654
2.7542,0.4314952,0.03782141,0.03903395,0.05435170932905974
2.7861,0.4337084,0.03873896,0.03984704,0.05557421721125004
2.8184,0.4359182,0.03967983,0.04067864,0.05682640813106614
2.851,0.4381244,0.0406443,0.04152916,0.05810877948120749
2.884,0.4403268,0.04163268,0.042399,0.05942184148091002
2.9174,0.4425252,0.04264525,0.04328856,0.060766082434497125
2.9512,0.4447193,0.0436823,0.04419826,0.0621420109130498
2.9854,0.4469089,0.0447441,0.04512853,0.06355012749610264
3.02,0.4490937,0.04583095,0.04607978,0.06499093862032537
3.0549,0.4512736,0.04694311,0.04705246,0.06646494992493186
3.0903,0.4534484,0.04808088,0.04804701,0.06797268709941148
3.1261,0.4556178,0.04924452,0.04906387,0.06951464658190604
3.1623,0.4577815,0.05043431,0.0501035,0.07109135205794091
3.1989,0.4599394,0.05165052,0.05116636,0.07270331912588311
3.2359,0.4620912,0.05289343,0.05225291,0.0743510695325427
3.2734,0.4642368,0.05416329,0.05336363,0.07603511682374796
3.3113,0.4663758,0.05546039,0.054499,0.07775600208313246
3.3497,0.468508,0.05678498,0.0556595,0.07951423705130044
3.3884,0.4706333,0.05813733,0.05684562,0.08131035390842485
3.4277,0.4727513,0.05951771,0.05805785,0.0831448840895614
3.4674,0.474862,0.06092638,0.05929671,0.0850183721129057
3.5075,0.476965,0.06236361,0.06056269,0.08693134804124575
3.5481,0.4790601,0.06382964,0.06185631,0.08888434074315735
